id,vrijeme_ulaska,vrijeme_izlaska,id_zaposlenik
1,2025-04-01 06:41:16,2025-04-01 13:55:14,1
2,2025-04-01 06:41:40,2025-04-01 13:55:44,50
3,2025-04-01 06:41:56,2025-04-01 13:55:53,33
4,2025-04-01 06:42:40,2025-04-01 13:56:10,23
5,2025-04-01 06:43:10,2025-04-01 13:56:27,40
6,2025-04-01 06:44:30,2025-04-01 13:56:51,4
7,2025-04-01 06:46:03,2025-04-01 13:57:07,37
8,2025-04-01 06:48:27,2025-04-01 13:58:12,5
9,2025-04-01 06:49:06,2025-04-01 13:58:18,35
10,2025-04-01 06:51:02,2025-04-01 13:58:48,49
11,2025-04-01 06:51:17,2025-04-01 13:58:52,45
12,2025-04-01 06:51:35,2025-04-01 13:59:05,13
13,2025-04-01 06:52:08,2025-04-01 13:59:15,22
14,2025-04-01 06:52:44,2025-04-01 13:59:44,14
15,2025-04-01 06:55:23,2025-04-01 13:59:57,17
16,2025-04-01 06:58:02,2025-04-01 14:01:00,47
17,2025-04-01 06:58:18,2025-04-01 14:02:52,38
18,2025-04-01 06:58:48,2025-04-01 14:03:33,26
19,2025-04-01 06:59:41,2025-04-01 14:03:59,9
20,2025-04-01 06:59:45,2025-04-01 14:04:35,32
21,2025-04-01 07:01:31,2025-04-01 14:05:30,11
22,2025-04-01 07:01:52,2025-04-01 14:06:21,41
23,2025-04-01 07:01:58,2025-04-01 14:08:16,39
24,2025-04-01 07:04:33,2025-04-01 14:10:14,25
25,2025-04-01 07:05:03,2025-04-01 14:10:29,34
26,2025-04-01 13:40:15,2025-04-01 21:55:17,2
27,2025-04-01 13:41:00,2025-04-01 21:55:30,36
28,2025-04-01 13:41:27,2025-04-01 21:55:38,6
29,2025-04-01 13:43:29,2025-04-01 21:57:14,7
30,2025-04-01 13:43:37,2025-04-01 21:57:23,44
31,2025-04-01 13:45:29,2025-04-01 21:57:34,46
32,2025-04-01 13:46:30,2025-04-01 21:58:00,15
33,2025-04-01 13:47:09,2025-04-01 21:58:09,16
34,2025-04-01 13:48:30,2025-04-01 21:58:17,18
35,2025-04-01 13:51:12,2025-04-01 21:58:41,20
36,2025-04-01 13:51:47,2025-04-01 21:58:44,27
37,2025-04-01 13:52:16,2025-04-01 21:59:11,29
38,2025-04-01 13:52:59,2025-04-01 21:59:23,31
39,2025-04-01 13:53:03,2025-04-01 21:59:48,3
40,2025-04-01 13:53:21,2025-04-01 22:02:23,8
41,2025-04-01 13:53:51,2025-04-01 22:03:04,19
42,2025-04-01 13:54:19,2025-04-01 22:03:27,28
43,2025-04-01 13:56:05,2025-04-01 22:03:33,48
44,2025-04-01 13:56:28,2025-04-01 22:05:13,42
45,2025-04-01 13:57:37,2025-04-01 22:05:45,10
46,2025-04-01 13:59:01,2025-04-01 22:07:25,43
47,2025-04-01 14:01:17,2025-04-01 22:07:52,12
48,2025-04-01 14:01:19,2025-04-01 22:08:50,21
49,2025-04-01 14:04:30,2025-04-01 22:09:05,30
50,2025-04-01 14:05:20,2025-04-01 22:09:28,24
51,2025-04-02 06:40:12,2025-04-02 13:55:18,1
52,2025-04-02 06:41:16,2025-04-02 13:55:41,37
53,2025-04-02 06:44:28,2025-04-02 13:55:45,20
54,2025-04-02 06:45:05,2025-04-02 13:56:13,50
55,2025-04-02 06:45:30,2025-04-02 13:56:49,40
56,2025-04-02 06:46:05,2025-04-02 13:56:50,15
57,2025-04-02 06:46:14,2025-04-02 13:57:56,35
58,2025-04-02 06:46:23,2025-04-02 13:58:00,29
59,2025-04-02 06:48:48,2025-04-02 13:58:11,6
60,2025-04-02 06:49:23,2025-04-02 13:58:30,4
61,2025-04-02 06:49:37,2025-04-02 13:58:33,49
62,2025-04-02 06:51:04,2025-04-02 13:58:45,27
63,2025-04-02 06:53:06,2025-04-02 13:59:12,22
64,2025-04-02 06:54:05,2025-04-02 13:59:28,14
65,2025-04-02 06:54:53,2025-04-02 13:59:42,38
66,2025-04-02 06:56:24,2025-04-02 14:01:01,28
67,2025-04-02 06:58:09,2025-04-02 14:03:12,19
68,2025-04-02 06:59:13,2025-04-02 14:04:24,26
69,2025-04-02 07:01:28,2025-04-02 14:04:34,9
70,2025-04-02 07:02:18,2025-04-02 14:05:30,10
71,2025-04-02 07:02:29,2025-04-02 14:05:58,12
72,2025-04-02 07:02:49,2025-04-02 14:06:00,43
73,2025-04-02 07:03:27,2025-04-02 14:07:18,30
74,2025-04-02 07:04:01,2025-04-02 14:07:25,25
75,2025-04-02 07:05:52,2025-04-02 14:08:55,34
76,2025-04-02 13:41:06,2025-04-02 21:55:46,33
77,2025-04-02 13:42:18,2025-04-02 21:55:47,2
78,2025-04-02 13:42:31,2025-04-02 21:56:41,36
79,2025-04-02 13:45:22,2025-04-02 21:58:01,5
80,2025-04-02 13:45:51,2025-04-02 21:58:08,7
81,2025-04-02 13:46:34,2025-04-02 21:58:45,44
82,2025-04-02 13:49:17,2025-04-02 21:58:52,13
83,2025-04-02 13:50:25,2025-04-02 21:59:16,45
84,2025-04-02 13:51:40,2025-04-02 21:59:46,46
85,2025-04-02 13:52:11,2025-04-02 22:01:10,16
86,2025-04-02 13:54:36,2025-04-02 22:01:29,18
87,2025-04-02 13:55:58,2025-04-02 22:04:03,23
88,2025-04-02 13:57:09,2025-04-02 22:04:06,31
89,2025-04-02 13:57:16,2025-04-02 22:04:09,3
90,2025-04-02 13:59:17,2025-04-02 22:05:52,8
91,2025-04-02 13:59:38,2025-04-02 22:06:06,17
92,2025-04-02 14:01:32,2025-04-02 22:06:17,47
93,2025-04-02 14:03:13,2025-04-02 22:06:20,48
94,2025-04-02 14:03:16,2025-04-02 22:06:25,42
95,2025-04-02 14:03:43,2025-04-02 22:07:49,32
96,2025-04-02 14:05:11,2025-04-02 22:09:18,41
97,2025-04-02 14:05:14,2025-04-02 22:09:39,11
98,2025-04-02 14:05:31,2025-04-02 22:09:49,21
99,2025-04-02 14:05:33,2025-04-02 22:10:55,39
100,2025-04-02 14:05:47,2025-04-02 22:10:55,24
101,2025-04-03 06:42:34,2025-04-03 13:55:16,1
102,2025-04-03 06:45:35,2025-04-03 13:55:21,23
103,2025-04-03 06:46:54,2025-04-03 13:55:25,15
104,2025-04-03 06:47:34,2025-04-03 13:55:28,16
105,2025-04-03 06:47:54,2025-04-03 13:55:55,5
106,2025-04-03 06:48:13,2025-04-03 13:56:19,18
107,2025-04-03 06:48:18,2025-04-03 13:56:36,6
108,2025-04-03 06:48:32,2025-04-03 13:57:06,37
109,2025-04-03 06:49:21,2025-04-03 13:57:17,29
110,2025-04-03 06:50:41,2025-04-03 14:01:17,40
111,2025-04-03 06:50:44,2025-04-03 14:01:44,50
112,2025-04-03 06:50:45,2025-04-03 14:01:53,13
113,2025-04-03 06:52:49,2025-04-03 14:04:04,49
114,2025-04-03 06:54:26,2025-04-03 14:04:27,14
115,2025-04-03 06:54:28,2025-04-03 14:05:03,17
116,2025-04-03 06:55:49,2025-04-03 14:05:06,19
117,2025-04-03 06:58:13,2025-04-03 14:06:20,47
118,2025-04-03 06:58:35,2025-04-03 14:06:23,26
119,2025-04-03 06:59:53,2025-04-03 14:06:47,42
120,2025-04-03 07:01:13,2025-04-03 14:07:44,10
121,2025-04-03 07:02:05,2025-04-03 14:07:50,43
122,2025-04-03 07:03:34,2025-04-03 14:08:31,12
123,2025-04-03 07:04:11,2025-04-03 14:08:50,21
124,2025-04-03 07:04:13,2025-04-03 14:09:47,30
125,2025-04-03 07:05:18,2025-04-03 14:09:58,34
126,2025-04-03 13:40:04,2025-04-03 21:55:42,33
127,2025-04-03 13:40:25,2025-04-03 21:55:56,2
128,2025-04-03 13:40:36,2025-04-03 21:56:21,35
129,2025-04-03 13:40:45,2025-04-03 21:56:59,4
130,2025-04-03 13:42:18,2025-04-03 21:57:11,36
131,2025-04-03 13:42:46,2025-04-03 21:57:20,7
132,2025-04-03 13:43:04,2025-04-03 21:57:26,44
133,2025-04-03 13:43:33,2025-04-03 21:58:04,45
134,2025-04-03 13:44:32,2025-04-03 21:58:24,46
135,2025-04-03 13:44:42,2025-04-03 21:58:34,20
136,2025-04-03 13:46:42,2025-04-03 21:59:25,22
137,2025-04-03 13:47:05,2025-04-03 21:59:45,27
138,2025-04-03 13:48:54,2025-04-03 21:59:59,31
139,2025-04-03 13:50:50,2025-04-03 22:01:41,3
140,2025-04-03 13:51:20,2025-04-03 22:01:47,8
141,2025-04-03 13:51:25,2025-04-03 22:02:52,28
142,2025-04-03 13:53:29,2025-04-03 22:03:21,38
143,2025-04-03 13:54:52,2025-04-03 22:04:56,48
144,2025-04-03 13:54:57,2025-04-03 22:05:35,9
145,2025-04-03 13:55:49,2025-04-03 22:07:02,32
146,2025-04-03 13:57:25,2025-04-03 22:07:43,41
147,2025-04-03 13:58:28,2025-04-03 22:07:47,11
148,2025-04-03 14:01:57,2025-04-03 22:07:56,25
149,2025-04-03 14:03:20,2025-04-03 22:09:27,39
150,2025-04-03 14:05:42,2025-04-03 22:10:37,24
151,2025-04-04 06:40:40,2025-04-04 13:55:40,1
152,2025-04-04 06:41:32,2025-04-04 13:56:43,7
153,2025-04-04 06:42:14,2025-04-04 13:56:44,33
154,2025-04-04 06:42:40,2025-04-04 13:57:07,35
155,2025-04-04 06:43:45,2025-04-04 13:57:49,31
156,2025-04-04 06:44:09,2025-04-04 13:58:03,44
157,2025-04-04 06:45:09,2025-04-04 13:58:38,4
158,2025-04-04 06:45:30,2025-04-04 13:58:40,18
159,2025-04-04 06:46:49,2025-04-04 13:58:50,13
160,2025-04-04 06:47:27,2025-04-04 13:59:00,6
161,2025-04-04 06:47:34,2025-04-04 13:59:00,50
162,2025-04-04 06:47:43,2025-04-04 13:59:20,23
163,2025-04-04 06:49:09,2025-04-04 13:59:46,27
164,2025-04-04 06:49:33,2025-04-04 13:59:48,14
165,2025-04-04 06:49:57,2025-04-04 13:59:56,17
166,2025-04-04 06:50:04,2025-04-04 14:04:03,38
167,2025-04-04 06:50:11,2025-04-04 14:04:15,19
168,2025-04-04 06:53:53,2025-04-04 14:05:53,26
169,2025-04-04 06:54:20,2025-04-04 14:05:57,9
170,2025-04-04 06:55:08,2025-04-04 14:06:31,32
171,2025-04-04 06:59:33,2025-04-04 14:07:34,11
172,2025-04-04 07:03:04,2025-04-04 14:07:57,12
173,2025-04-04 07:03:33,2025-04-04 14:08:04,25
174,2025-04-04 07:04:21,2025-04-04 14:08:38,21
175,2025-04-04 07:05:49,2025-04-04 14:09:05,34
176,2025-04-04 13:40:12,2025-04-04 21:55:12,2
177,2025-04-04 13:40:24,2025-04-04 21:55:30,36
178,2025-04-04 13:40:48,2025-04-04 21:55:45,5
179,2025-04-04 13:41:23,2025-04-04 21:56:07,37
180,2025-04-04 13:42:33,2025-04-04 21:56:42,40
181,2025-04-04 13:42:44,2025-04-04 21:56:46,45
182,2025-04-04 13:42:48,2025-04-04 21:57:07,46
183,2025-04-04 13:45:18,2025-04-04 21:57:35,15
184,2025-04-04 13:45:42,2025-04-04 21:57:36,16
185,2025-04-04 13:47:07,2025-04-04 21:57:47,49
186,2025-04-04 13:47:59,2025-04-04 21:58:00,20
187,2025-04-04 13:48:51,2025-04-04 21:58:01,22
188,2025-04-04 13:50:01,2025-04-04 21:58:33,29
189,2025-04-04 13:50:12,2025-04-04 21:58:45,3
190,2025-04-04 13:51:53,2025-04-04 21:59:08,8
191,2025-04-04 13:53:01,2025-04-04 21:59:20,28
192,2025-04-04 13:55:18,2025-04-04 22:01:39,47
193,2025-04-04 13:56:12,2025-04-04 22:02:06,48
194,2025-04-04 13:56:25,2025-04-04 22:03:08,42
195,2025-04-04 13:57:15,2025-04-04 22:06:02,10
196,2025-04-04 13:57:58,2025-04-04 22:06:04,41
197,2025-04-04 14:01:36,2025-04-04 22:08:42,43
198,2025-04-04 14:01:53,2025-04-04 22:08:59,30
199,2025-04-04 14:02:00,2025-04-04 22:10:21,39
200,2025-04-04 14:04:50,2025-04-04 22:10:48,24
201,2025-04-05 06:40:03,2025-04-05 13:55:03,1
202,2025-04-05 06:40:34,2025-04-05 13:55:15,20
203,2025-04-05 06:42:20,2025-04-05 13:55:26,15
204,2025-04-05 06:44:16,2025-04-05 13:55:30,22
205,2025-04-05 06:45:50,2025-04-05 13:55:37,2
206,2025-04-05 06:46:22,2025-04-05 13:55:59,31
207,2025-04-05 06:46:43,2025-04-05 13:56:00,40
208,2025-04-05 06:46:51,2025-04-05 13:57:24,50
209,2025-04-05 06:47:03,2025-04-05 13:57:45,37
210,2025-04-05 06:47:27,2025-04-05 13:59:16,5
211,2025-04-05 06:49:09,2025-04-05 13:59:34,35
212,2025-04-05 06:49:10,2025-04-05 13:59:36,46
213,2025-04-05 06:49:17,2025-04-05 13:59:41,44
214,2025-04-05 06:50:13,2025-04-05 14:02:35,14
215,2025-04-05 06:50:35,2025-04-05 14:03:36,8
216,2025-04-05 06:51:39,2025-04-05 14:03:58,47
217,2025-04-05 06:52:20,2025-04-05 14:04:29,19
218,2025-04-05 06:52:44,2025-04-05 14:04:52,48
219,2025-04-05 06:53:28,2025-04-05 14:06:47,42
220,2025-04-05 06:53:32,2025-04-05 14:08:01,10
221,2025-04-05 06:53:59,2025-04-05 14:09:19,43
222,2025-04-05 06:54:46,2025-04-05 14:09:31,12
223,2025-04-05 06:57:03,2025-04-05 14:09:39,25
224,2025-04-05 06:57:51,2025-04-05 14:10:03,39
225,2025-04-05 07:04:40,2025-04-05 14:10:47,34
226,2025-04-05 13:40:05,2025-04-05 21:55:03,33
227,2025-04-05 13:40:28,2025-04-05 21:55:08,4
228,2025-04-05 13:40:58,2025-04-05 21:55:14,36
229,2025-04-05 13:43:09,2025-04-05 21:55:17,6
230,2025-04-05 13:48:11,2025-04-05 21:55:45,7
231,2025-04-05 13:48:37,2025-04-05 21:56:03,13
232,2025-04-05 13:48:48,2025-04-05 21:56:21,45
233,2025-04-05 13:49:18,2025-04-05 21:56:42,16
234,2025-04-05 13:49:52,2025-04-05 21:57:24,49
235,2025-04-05 13:50:31,2025-04-05 21:57:30,18
236,2025-04-05 13:52:08,2025-04-05 21:57:46,23
237,2025-04-05 13:53:34,2025-04-05 21:57:47,27
238,2025-04-05 13:53:42,2025-04-05 21:57:48,29
239,2025-04-05 13:53:55,2025-04-05 21:57:58,3
240,2025-04-05 13:55:00,2025-04-05 21:59:41,17
241,2025-04-05 13:56:19,2025-04-05 22:01:29,28
242,2025-04-05 13:57:41,2025-04-05 22:01:59,38
243,2025-04-05 13:58:15,2025-04-05 22:02:16,9
244,2025-04-05 13:58:35,2025-04-05 22:04:18,26
245,2025-04-05 13:59:20,2025-04-05 22:04:39,32
246,2025-04-05 14:01:54,2025-04-05 22:05:09,41
247,2025-04-05 14:02:59,2025-04-05 22:06:20,11
248,2025-04-05 14:04:17,2025-04-05 22:07:22,21
249,2025-04-05 14:05:18,2025-04-05 22:08:37,30
250,2025-04-05 14:05:36,2025-04-05 22:09:04,24
251,2025-04-06 06:42:30,2025-04-06 13:55:17,1
252,2025-04-06 06:43:47,2025-04-06 13:55:20,13
253,2025-04-06 06:43:51,2025-04-06 13:55:31,29
254,2025-04-06 06:44:24,2025-04-06 13:55:35,37
255,2025-04-06 06:44:45,2025-04-06 13:55:38,27
256,2025-04-06 06:45:38,2025-04-06 13:56:10,5
257,2025-04-06 06:45:56,2025-04-06 13:57:12,44
258,2025-04-06 06:47:45,2025-04-06 13:58:25,15
259,2025-04-06 06:49:03,2025-04-06 13:58:45,16
260,2025-04-06 06:49:50,2025-04-06 13:59:12,20
261,2025-04-06 06:52:01,2025-04-06 13:59:38,36
262,2025-04-06 06:52:54,2025-04-06 13:59:46,46
263,2025-04-06 06:53:58,2025-04-06 14:01:23,6
264,2025-04-06 06:54:00,2025-04-06 14:01:29,14
265,2025-04-06 06:55:31,2025-04-06 14:01:55,8
266,2025-04-06 06:56:30,2025-04-06 14:02:03,47
267,2025-04-06 06:58:22,2025-04-06 14:02:44,38
268,2025-04-06 06:58:26,2025-04-06 14:04:04,42
269,2025-04-06 07:01:40,2025-04-06 14:04:24,48
270,2025-04-06 07:01:43,2025-04-06 14:06:49,10
271,2025-04-06 07:02:42,2025-04-06 14:08:28,41
272,2025-04-06 07:03:19,2025-04-06 14:09:10,12
273,2025-04-06 07:04:21,2025-04-06 14:09:16,21
274,2025-04-06 07:04:53,2025-04-06 14:09:48,30
275,2025-04-06 07:05:57,2025-04-06 14:10:51,34
276,2025-04-06 13:42:44,2025-04-06 21:55:00,33
277,2025-04-06 13:42:48,2025-04-06 21:55:36,2
278,2025-04-06 13:43:19,2025-04-06 21:56:20,35
279,2025-04-06 13:43:27,2025-04-06 21:56:21,4
280,2025-04-06 13:43:45,2025-04-06 21:56:55,7
281,2025-04-06 13:46:17,2025-04-06 21:56:55,40
282,2025-04-06 13:46:52,2025-04-06 21:57:02,45
283,2025-04-06 13:47:18,2025-04-06 21:57:20,49
284,2025-04-06 13:47:41,2025-04-06 21:57:34,18
285,2025-04-06 13:48:54,2025-04-06 21:57:51,50
286,2025-04-06 13:48:59,2025-04-06 21:57:55,22
287,2025-04-06 13:49:49,2025-04-06 21:57:57,23
288,2025-04-06 13:49:51,2025-04-06 21:58:08,31
289,2025-04-06 13:50:01,2025-04-06 21:59:23,3
290,2025-04-06 13:51:13,2025-04-06 21:59:24,17
291,2025-04-06 13:51:24,2025-04-06 22:01:15,19
292,2025-04-06 13:51:29,2025-04-06 22:01:26,28
293,2025-04-06 13:51:30,2025-04-06 22:01:26,9
294,2025-04-06 13:53:30,2025-04-06 22:02:09,26
295,2025-04-06 13:54:26,2025-04-06 22:02:36,32
296,2025-04-06 13:55:32,2025-04-06 22:05:17,43
297,2025-04-06 13:55:51,2025-04-06 22:05:26,11
298,2025-04-06 13:56:17,2025-04-06 22:06:30,25
299,2025-04-06 13:56:57,2025-04-06 22:08:52,39
300,2025-04-06 13:59:38,2025-04-06 22:09:34,24
301,2025-04-08 06:41:19,2025-04-08 13:55:03,1
302,2025-04-08 06:42:56,2025-04-08 13:55:13,22
303,2025-04-08 06:44:39,2025-04-08 13:55:21,33
304,2025-04-08 06:45:19,2025-04-08 13:55:54,6
305,2025-04-08 06:47:23,2025-04-08 13:56:36,7
306,2025-04-08 06:47:54,2025-04-08 13:57:28,23
307,2025-04-08 06:48:43,2025-04-08 13:58:14,49
308,2025-04-08 06:49:20,2025-04-08 13:58:21,35
309,2025-04-08 06:49:59,2025-04-08 13:58:42,13
310,2025-04-08 06:51:47,2025-04-08 13:58:49,27
311,2025-04-08 06:53:00,2025-04-08 13:59:06,29
312,2025-04-08 06:54:44,2025-04-08 13:59:07,46
313,2025-04-08 06:54:58,2025-04-08 13:59:36,50
314,2025-04-08 06:55:38,2025-04-08 13:59:47,14
315,2025-04-08 06:56:46,2025-04-08 14:04:33,19
316,2025-04-08 06:57:21,2025-04-08 14:04:43,8
317,2025-04-08 06:57:24,2025-04-08 14:05:27,28
318,2025-04-08 06:58:16,2025-04-08 14:06:33,9
319,2025-04-08 06:58:17,2025-04-08 14:07:10,26
320,2025-04-08 06:59:30,2025-04-08 14:07:31,10
321,2025-04-08 07:04:03,2025-04-08 14:08:48,11
322,2025-04-08 07:04:30,2025-04-08 14:09:42,41
323,2025-04-08 07:05:15,2025-04-08 14:09:56,39
324,2025-04-08 07:05:41,2025-04-08 14:10:34,25
325,2025-04-08 07:05:56,2025-04-08 14:10:56,34
326,2025-04-08 13:42:47,2025-04-08 21:55:06,2
327,2025-04-08 13:42:50,2025-04-08 21:55:55,4
328,2025-04-08 13:43:04,2025-04-08 21:56:18,5
329,2025-04-08 13:43:21,2025-04-08 21:56:22,36
330,2025-04-08 13:44:10,2025-04-08 21:56:35,37
331,2025-04-08 13:44:21,2025-04-08 21:56:52,40
332,2025-04-08 13:47:19,2025-04-08 21:57:46,44
333,2025-04-08 13:48:22,2025-04-08 21:58:33,45
334,2025-04-08 13:49:19,2025-04-08 21:59:06,15
335,2025-04-08 13:50:09,2025-04-08 21:59:21,16
336,2025-04-08 13:51:01,2025-04-08 21:59:34,18
337,2025-04-08 13:51:29,2025-04-08 21:59:34,20
338,2025-04-08 13:52:31,2025-04-08 21:59:41,31
339,2025-04-08 13:53:36,2025-04-08 21:59:47,3
340,2025-04-08 13:55:40,2025-04-08 22:01:58,17
341,2025-04-08 13:55:51,2025-04-08 22:03:33,38
342,2025-04-08 13:56:10,2025-04-08 22:04:04,47
343,2025-04-08 13:56:37,2025-04-08 22:04:56,48
344,2025-04-08 13:58:04,2025-04-08 22:06:38,42
345,2025-04-08 13:59:55,2025-04-08 22:07:07,32
346,2025-04-08 14:01:48,2025-04-08 22:07:24,43
347,2025-04-08 14:03:21,2025-04-08 22:07:44,12
348,2025-04-08 14:03:21,2025-04-08 22:08:52,21
349,2025-04-08 14:04:39,2025-04-08 22:09:23,30
350,2025-04-08 14:05:37,2025-04-08 22:09:48,24
351,2025-04-09 06:40:07,2025-04-09 13:55:04,1
352,2025-04-09 06:40:52,2025-04-09 13:56:07,16
353,2025-04-09 06:41:43,2025-04-09 13:56:32,20
354,2025-04-09 06:42:16,2025-04-09 13:56:58,4
355,2025-04-09 06:42:35,2025-04-09 13:57:40,29
356,2025-04-09 06:43:01,2025-04-09 13:57:55,33
357,2025-04-09 06:43:49,2025-04-09 13:58:27,2
358,2025-04-09 06:44:23,2025-04-09 13:58:34,13
359,2025-04-09 06:46:06,2025-04-09 13:58:36,31
360,2025-04-09 06:46:48,2025-04-09 13:58:43,22
361,2025-04-09 06:48:05,2025-04-09 13:58:43,50
362,2025-04-09 06:48:15,2025-04-09 13:58:55,45
363,2025-04-09 06:48:33,2025-04-09 13:59:07,7
364,2025-04-09 06:50:09,2025-04-09 13:59:20,14
365,2025-04-09 06:50:31,2025-04-09 13:59:29,47
366,2025-04-09 06:52:51,2025-04-09 13:59:37,17
367,2025-04-09 06:53:40,2025-04-09 14:02:14,38
368,2025-04-09 06:53:58,2025-04-09 14:02:35,26
369,2025-04-09 06:57:38,2025-04-09 14:02:52,48
370,2025-04-09 06:58:35,2025-04-09 14:06:00,10
371,2025-04-09 06:59:02,2025-04-09 14:06:43,12
372,2025-04-09 07:01:19,2025-04-09 14:07:24,11
373,2025-04-09 07:01:56,2025-04-09 14:08:48,25
374,2025-04-09 07:03:22,2025-04-09 14:09:52,21
375,2025-04-09 07:05:47,2025-04-09 14:10:23,34
376,2025-04-09 13:42:45,2025-04-09 21:55:16,35
377,2025-04-09 13:45:01,2025-04-09 21:55:32,36
378,2025-04-09 13:45:30,2025-04-09 21:55:34,5
379,2025-04-09 13:45:44,2025-04-09 21:57:24,6
380,2025-04-09 13:46:18,2025-04-09 21:57:28,37
381,2025-04-09 13:46:40,2025-04-09 21:57:33,40
382,2025-04-09 13:49:00,2025-04-09 21:57:45,44
383,2025-04-09 13:49:28,2025-04-09 21:58:09,46
384,2025-04-09 13:49:36,2025-04-09 21:58:54,15
385,2025-04-09 13:50:29,2025-04-09 21:59:00,49
386,2025-04-09 13:52:01,2025-04-09 22:01:59,18
387,2025-04-09 13:53:44,2025-04-09 22:02:51,23
388,2025-04-09 13:55:53,2025-04-09 22:03:22,27
389,2025-04-09 13:56:10,2025-04-09 22:05:20,3
390,2025-04-09 13:57:00,2025-04-09 22:05:22,8
391,2025-04-09 13:57:37,2025-04-09 22:06:19,19
392,2025-04-09 13:58:21,2025-04-09 22:06:35,28
393,2025-04-09 13:58:58,2025-04-09 22:07:02,9
394,2025-04-09 13:59:35,2025-04-09 22:07:18,42
395,2025-04-09 14:01:44,2025-04-09 22:08:49,32
396,2025-04-09 14:02:26,2025-04-09 22:08:53,41
397,2025-04-09 14:03:37,2025-04-09 22:09:02,43
398,2025-04-09 14:05:08,2025-04-09 22:10:32,30
399,2025-04-09 14:05:33,2025-04-09 22:10:46,39
400,2025-04-09 14:05:35,2025-04-09 22:10:55,24
401,2025-04-10 06:40:40,2025-04-10 13:55:10,1
402,2025-04-10 06:42:37,2025-04-10 13:55:23,6
403,2025-04-10 06:43:04,2025-04-10 13:55:25,45
404,2025-04-10 06:43:24,2025-04-10 13:55:27,5
405,2025-04-10 06:44:13,2025-04-10 13:55:50,7
406,2025-04-10 06:44:52,2025-04-10 13:55:54,16
407,2025-04-10 06:45:01,2025-04-10 13:57:05,18
408,2025-04-10 06:45:47,2025-04-10 13:58:04,23
409,2025-04-10 06:46:21,2025-04-10 13:58:36,31
410,2025-04-10 06:47:29,2025-04-10 13:59:12,4
411,2025-04-10 06:48:32,2025-04-10 13:59:54,36
412,2025-04-10 06:49:06,2025-04-10 14:03:39,20
413,2025-04-10 06:49:10,2025-04-10 14:05:07,35
414,2025-04-10 06:49:30,2025-04-10 14:05:36,3
415,2025-04-10 06:49:46,2025-04-10 14:05:55,17
416,2025-04-10 06:51:26,2025-04-10 14:06:22,19
417,2025-04-10 06:52:16,2025-04-10 14:06:22,28
418,2025-04-10 06:54:38,2025-04-10 14:07:07,9
419,2025-04-10 06:57:00,2025-04-10 14:07:47,42
420,2025-04-10 06:57:29,2025-04-10 14:08:24,32
421,2025-04-10 06:57:58,2025-04-10 14:08:35,43
422,2025-04-10 06:59:27,2025-04-10 14:09:15,12
423,2025-04-10 07:01:47,2025-04-10 14:09:45,30
424,2025-04-10 07:03:59,2025-04-10 14:10:26,25
425,2025-04-10 07:04:31,2025-04-10 14:10:33,24
426,2025-04-10 13:40:19,2025-04-10 21:55:03,33
427,2025-04-10 13:41:38,2025-04-10 21:55:34,2
428,2025-04-10 13:43:51,2025-04-10 21:55:53,37
429,2025-04-10 13:43:54,2025-04-10 21:56:42,40
430,2025-04-10 13:44:37,2025-04-10 21:56:47,44
431,2025-04-10 13:44:44,2025-04-10 21:57:31,13
432,2025-04-10 13:46:27,2025-04-10 21:58:12,46
433,2025-04-10 13:47:27,2025-04-10 21:58:19,15
434,2025-04-10 13:49:42,2025-04-10 21:58:21,49
435,2025-04-10 13:50:19,2025-04-10 21:58:23,50
436,2025-04-10 13:52:49,2025-04-10 21:58:26,22
437,2025-04-10 13:54:54,2025-04-10 21:59:22,27
438,2025-04-10 13:55:27,2025-04-10 21:59:29,29
439,2025-04-10 13:55:55,2025-04-10 21:59:29,14
440,2025-04-10 13:56:22,2025-04-10 21:59:45,8
441,2025-04-10 13:56:48,2025-04-10 21:59:49,38
442,2025-04-10 13:57:39,2025-04-10 21:59:56,47
443,2025-04-10 13:59:35,2025-04-10 22:03:46,48
444,2025-04-10 14:01:01,2025-04-10 22:06:07,26
445,2025-04-10 14:02:40,2025-04-10 22:06:21,10
446,2025-04-10 14:03:13,2025-04-10 22:06:37,41
447,2025-04-10 14:03:21,2025-04-10 22:08:00,11
448,2025-04-10 14:03:25,2025-04-10 22:08:51,21
449,2025-04-10 14:04:35,2025-04-10 22:09:18,39
450,2025-04-10 14:05:37,2025-04-10 22:09:22,34
451,2025-04-11 06:40:01,2025-04-11 13:55:01,1
452,2025-04-11 06:40:39,2025-04-11 13:55:25,29
453,2025-04-11 06:40:49,2025-04-11 13:55:26,36
454,2025-04-11 06:42:54,2025-04-11 13:55:27,44
455,2025-04-11 06:45:09,2025-04-11 13:55:28,6
456,2025-04-11 06:45:22,2025-04-11 13:55:47,35
457,2025-04-11 06:45:54,2025-04-11 13:55:55,49
458,2025-04-11 06:45:58,2025-04-11 13:57:05,31
459,2025-04-11 06:47:58,2025-04-11 13:57:27,2
460,2025-04-11 06:48:59,2025-04-11 13:58:00,37
461,2025-04-11 06:49:26,2025-04-11 13:59:01,13
462,2025-04-11 06:50:49,2025-04-11 13:59:15,20
463,2025-04-11 06:50:55,2025-04-11 13:59:34,16
464,2025-04-11 06:52:10,2025-04-11 14:02:19,3
465,2025-04-11 06:53:53,2025-04-11 14:03:05,8
466,2025-04-11 06:55:06,2025-04-11 14:03:27,47
467,2025-04-11 06:56:51,2025-04-11 14:04:19,38
468,2025-04-11 06:57:05,2025-04-11 14:04:21,9
469,2025-04-11 06:58:13,2025-04-11 14:05:20,42
470,2025-04-11 06:59:00,2025-04-11 14:05:21,32
471,2025-04-11 07:02:16,2025-04-11 14:06:20,41
472,2025-04-11 07:02:38,2025-04-11 14:06:44,12
473,2025-04-11 07:02:49,2025-04-11 14:07:57,39
474,2025-04-11 07:04:16,2025-04-11 14:08:58,25
475,2025-04-11 07:04:45,2025-04-11 14:09:54,24
476,2025-04-11 13:40:46,2025-04-11 21:55:25,33
477,2025-04-11 13:41:20,2025-04-11 21:55:42,4
478,2025-04-11 13:41:31,2025-04-11 21:56:13,5
479,2025-04-11 13:41:50,2025-04-11 21:56:19,7
480,2025-04-11 13:43:07,2025-04-11 21:56:23,40
481,2025-04-11 13:46:29,2025-04-11 21:56:40,45
482,2025-04-11 13:48:27,2025-04-11 21:57:23,46
483,2025-04-11 13:48:43,2025-04-11 21:58:13,15
484,2025-04-11 13:49:19,2025-04-11 21:58:31,18
485,2025-04-11 13:49:44,2025-04-11 21:58:48,50
486,2025-04-11 13:49:57,2025-04-11 21:59:17,22
487,2025-04-11 13:50:30,2025-04-11 21:59:25,23
488,2025-04-11 13:51:18,2025-04-11 21:59:29,27
489,2025-04-11 13:52:37,2025-04-11 22:01:39,14
490,2025-04-11 13:54:07,2025-04-11 22:02:07,17
491,2025-04-11 13:54:46,2025-04-11 22:02:44,19
492,2025-04-11 13:55:20,2025-04-11 22:03:00,28
493,2025-04-11 13:56:04,2025-04-11 22:06:03,48
494,2025-04-11 13:56:04,2025-04-11 22:06:24,26
495,2025-04-11 13:58:13,2025-04-11 22:06:52,10
496,2025-04-11 13:58:43,2025-04-11 22:06:57,43
497,2025-04-11 14:01:40,2025-04-11 22:07:00,11
498,2025-04-11 14:02:44,2025-04-11 22:07:17,21
499,2025-04-11 14:02:54,2025-04-11 22:09:12,30
500,2025-04-11 14:04:47,2025-04-11 22:10:17,34
501,2025-04-12 06:40:24,2025-04-12 13:55:18,1
502,2025-04-12 06:41:42,2025-04-12 13:55:23,31
503,2025-04-12 06:42:09,2025-04-12 13:56:15,20
504,2025-04-12 06:42:52,2025-04-12 13:56:22,50
505,2025-04-12 06:44:04,2025-04-12 13:56:27,2
506,2025-04-12 06:44:13,2025-04-12 13:56:33,6
507,2025-04-12 06:44:17,2025-04-12 13:56:42,13
508,2025-04-12 06:44:25,2025-04-12 13:57:02,23
509,2025-04-12 06:45:33,2025-04-12 13:57:12,46
510,2025-04-12 06:47:01,2025-04-12 13:57:28,36
511,2025-04-12 06:47:28,2025-04-12 13:57:39,40
512,2025-04-12 06:47:31,2025-04-12 13:57:48,37
513,2025-04-12 06:49:11,2025-04-12 13:58:42,27
514,2025-04-12 06:49:59,2025-04-12 13:59:30,3
515,2025-04-12 06:51:30,2025-04-12 14:02:49,47
516,2025-04-12 06:52:06,2025-04-12 14:04:05,38
517,2025-04-12 06:52:25,2025-04-12 14:04:10,28
518,2025-04-12 06:52:49,2025-04-12 14:04:34,9
519,2025-04-12 06:53:44,2025-04-12 14:05:11,48
520,2025-04-12 06:54:29,2025-04-12 14:05:21,32
521,2025-04-12 06:56:15,2025-04-12 14:05:39,11
522,2025-04-12 06:56:42,2025-04-12 14:05:59,41
523,2025-04-12 06:57:35,2025-04-12 14:06:20,39
524,2025-04-12 06:59:11,2025-04-12 14:08:34,21
525,2025-04-12 07:04:56,2025-04-12 14:10:22,24
526,2025-04-12 13:40:50,2025-04-12 21:55:02,33
527,2025-04-12 13:41:07,2025-04-12 21:55:09,35
528,2025-04-12 13:43:20,2025-04-12 21:55:13,4
529,2025-04-12 13:45:53,2025-04-12 21:55:33,5
530,2025-04-12 13:47:14,2025-04-12 21:56:32,7
531,2025-04-12 13:49:29,2025-04-12 21:57:04,44
532,2025-04-12 13:51:24,2025-04-12 21:57:29,45
533,2025-04-12 13:51:38,2025-04-12 21:57:43,15
534,2025-04-12 13:52:33,2025-04-12 21:57:55,16
535,2025-04-12 13:53:38,2025-04-12 21:58:21,49
536,2025-04-12 13:53:46,2025-04-12 21:58:37,18
537,2025-04-12 13:54:36,2025-04-12 21:58:53,22
538,2025-04-12 13:54:38,2025-04-12 21:58:58,29
539,2025-04-12 13:54:56,2025-04-12 21:59:08,14
540,2025-04-12 13:56:29,2025-04-12 21:59:25,8
541,2025-04-12 13:56:31,2025-04-12 21:59:52,17
542,2025-04-12 13:57:20,2025-04-12 22:01:56,19
543,2025-04-12 13:57:37,2025-04-12 22:02:42,26
544,2025-04-12 14:01:45,2025-04-12 22:05:39,42
545,2025-04-12 14:02:25,2025-04-12 22:08:32,10
546,2025-04-12 14:03:16,2025-04-12 22:08:56,43
547,2025-04-12 14:04:21,2025-04-12 22:08:59,12
548,2025-04-12 14:05:12,2025-04-12 22:09:05,25
549,2025-04-12 14:05:13,2025-04-12 22:09:17,30
550,2025-04-12 14:05:59,2025-04-12 22:10:40,34
551,2025-04-13 06:41:20,2025-04-13 13:55:29,1
552,2025-04-13 06:41:24,2025-04-13 13:56:01,22
553,2025-04-13 06:43:24,2025-04-13 13:57:01,50
554,2025-04-13 06:43:35,2025-04-13 13:57:26,15
555,2025-04-13 06:44:04,2025-04-13 13:57:28,4
556,2025-04-13 06:45:14,2025-04-13 13:57:37,5
557,2025-04-13 06:46:09,2025-04-13 13:58:13,46
558,2025-04-13 06:47:03,2025-04-13 14:01:35,31
559,2025-04-13 06:47:44,2025-04-13 14:01:51,16
560,2025-04-13 06:48:15,2025-04-13 14:02:17,49
561,2025-04-13 06:49:52,2025-04-13 14:03:16,45
562,2025-04-13 06:50:33,2025-04-13 14:03:18,33
563,2025-04-13 06:51:41,2025-04-13 14:04:15,37
564,2025-04-13 06:52:23,2025-04-13 14:04:29,14
565,2025-04-13 06:52:31,2025-04-13 14:04:40,47
566,2025-04-13 06:52:34,2025-04-13 14:04:46,38
567,2025-04-13 06:52:50,2025-04-13 14:05:17,19
568,2025-04-13 06:53:11,2025-04-13 14:05:20,9
569,2025-04-13 06:55:54,2025-04-13 14:05:36,48
570,2025-04-13 06:57:37,2025-04-13 14:06:37,32
571,2025-04-13 06:58:24,2025-04-13 14:06:52,12
572,2025-04-13 06:59:22,2025-04-13 14:07:17,43
573,2025-04-13 06:59:22,2025-04-13 14:08:08,25
574,2025-04-13 07:03:02,2025-04-13 14:08:43,21
575,2025-04-13 07:05:15,2025-04-13 14:10:27,34
576,2025-04-13 13:40:48,2025-04-13 21:55:38,2
577,2025-04-13 13:41:11,2025-04-13 21:58:03,35
578,2025-04-13 13:41:36,2025-04-13 21:58:12,36
579,2025-04-13 13:43:33,2025-04-13 21:58:23,6
580,2025-04-13 13:44:56,2025-04-13 21:58:32,7
581,2025-04-13 13:45:12,2025-04-13 21:58:38,40
582,2025-04-13 13:45:25,2025-04-13 21:58:50,44
583,2025-04-13 13:47:11,2025-04-13 21:58:54,13
584,2025-04-13 13:47:22,2025-04-13 21:59:12,18
585,2025-04-13 13:47:42,2025-04-13 21:59:14,20
586,2025-04-13 13:49:15,2025-04-13 22:01:07,23
587,2025-04-13 13:52:03,2025-04-13 22:01:07,27
588,2025-04-13 13:52:11,2025-04-13 22:01:31,29
589,2025-04-13 13:54:19,2025-04-13 22:02:42,3
590,2025-04-13 13:54:58,2025-04-13 22:03:32,8
591,2025-04-13 13:55:48,2025-04-13 22:05:11,17
592,2025-04-13 13:55:53,2025-04-13 22:05:33,28
593,2025-04-13 13:56:18,2025-04-13 22:05:41,26
594,2025-04-13 13:57:24,2025-04-13 22:05:42,42
595,2025-04-13 13:58:32,2025-04-13 22:05:53,10
596,2025-04-13 13:59:12,2025-04-13 22:06:04,41
597,2025-04-13 13:59:12,2025-04-13 22:07:20,11
598,2025-04-13 13:59:13,2025-04-13 22:08:00,30
599,2025-04-13 14:02:59,2025-04-13 22:08:15,39
600,2025-04-13 14:05:32,2025-04-13 22:08:29,24
601,2025-04-15 06:40:36,2025-04-15 13:55:32,1
602,2025-04-15 06:40:41,2025-04-15 13:56:22,50
603,2025-04-15 06:42:31,2025-04-15 13:56:43,16
604,2025-04-15 06:42:33,2025-04-15 13:56:53,37
605,2025-04-15 06:42:43,2025-04-15 13:57:12,5
606,2025-04-15 06:43:49,2025-04-15 13:57:20,7
607,2025-04-15 06:45:20,2025-04-15 13:57:24,4
608,2025-04-15 06:45:54,2025-04-15 13:57:43,23
609,2025-04-15 06:49:35,2025-04-15 13:58:21,27
610,2025-04-15 06:49:48,2025-04-15 13:58:28,6
611,2025-04-15 06:50:22,2025-04-15 13:58:29,33
612,2025-04-15 06:52:08,2025-04-15 13:59:47,20
613,2025-04-15 06:52:24,2025-04-15 14:01:02,46
614,2025-04-15 06:53:00,2025-04-15 14:01:15,3
615,2025-04-15 06:53:05,2025-04-15 14:01:36,19
616,2025-04-15 06:54:48,2025-04-15 14:02:16,28
617,2025-04-15 06:55:01,2025-04-15 14:02:27,8
618,2025-04-15 06:55:42,2025-04-15 14:02:33,26
619,2025-04-15 06:56:28,2025-04-15 14:02:54,42
620,2025-04-15 06:56:37,2025-04-15 14:03:06,10
621,2025-04-15 06:58:38,2025-04-15 14:04:18,12
622,2025-04-15 06:59:07,2025-04-15 14:06:14,11
623,2025-04-15 06:59:22,2025-04-15 14:06:59,39
624,2025-04-15 07:02:27,2025-04-15 14:07:32,25
625,2025-04-15 07:03:06,2025-04-15 14:10:57,34
626,2025-04-15 13:40:55,2025-04-15 21:55:07,2
627,2025-04-15 13:41:08,2025-04-15 21:55:21,35
628,2025-04-15 13:42:52,2025-04-15 21:55:29,36
629,2025-04-15 13:43:50,2025-04-15 21:56:53,40
630,2025-04-15 13:45:06,2025-04-15 21:57:04,44
631,2025-04-15 13:45:15,2025-04-15 21:58:02,13
632,2025-04-15 13:45:24,2025-04-15 21:58:40,45
633,2025-04-15 13:47:07,2025-04-15 21:59:24,15
634,2025-04-15 13:47:30,2025-04-15 22:01:38,49
635,2025-04-15 13:48:36,2025-04-15 22:02:13,18
636,2025-04-15 13:48:49,2025-04-15 22:02:36,22
637,2025-04-15 13:49:14,2025-04-15 22:03:09,29
638,2025-04-15 13:51:28,2025-04-15 22:03:41,31
639,2025-04-15 13:52:14,2025-04-15 22:04:15,14
640,2025-04-15 13:54:11,2025-04-15 22:04:35,17
641,2025-04-15 13:55:05,2025-04-15 22:04:49,38
642,2025-04-15 13:56:39,2025-04-15 22:04:49,47
643,2025-04-15 13:56:49,2025-04-15 22:05:39,48
644,2025-04-15 13:57:41,2025-04-15 22:05:39,9
645,2025-04-15 13:59:03,2025-04-15 22:05:52,32
646,2025-04-15 13:59:39,2025-04-15 22:06:50,41
647,2025-04-15 13:59:52,2025-04-15 22:06:53,43
648,2025-04-15 14:04:53,2025-04-15 22:07:40,21
649,2025-04-15 14:05:17,2025-04-15 22:10:03,30
650,2025-04-15 14:05:24,2025-04-15 22:10:50,24
651,2025-04-16 06:40:15,2025-04-16 13:56:03,1
652,2025-04-16 06:40:18,2025-04-16 13:56:42,4
653,2025-04-16 06:44:01,2025-04-16 13:56:49,50
654,2025-04-16 06:45:57,2025-04-16 13:57:06,45
655,2025-04-16 06:48:46,2025-04-16 13:58:48,31
656,2025-04-16 06:49:25,2025-04-16 14:01:05,6
657,2025-04-16 06:49:55,2025-04-16 14:01:11,2
658,2025-04-16 06:51:28,2025-04-16 14:01:22,36
659,2025-04-16 06:53:23,2025-04-16 14:01:26,5
660,2025-04-16 06:53:47,2025-04-16 14:01:29,22
661,2025-04-16 06:53:59,2025-04-16 14:02:03,35
662,2025-04-16 06:54:04,2025-04-16 14:02:14,49
663,2025-04-16 06:54:26,2025-04-16 14:02:48,13
664,2025-04-16 06:56:12,2025-04-16 14:03:06,14
665,2025-04-16 06:56:21,2025-04-16 14:03:17,28
666,2025-04-16 06:56:36,2025-04-16 14:05:54,19
667,2025-04-16 06:57:02,2025-04-16 14:06:15,38
668,2025-04-16 06:58:09,2025-04-16 14:06:15,42
669,2025-04-16 06:58:32,2025-04-16 14:07:01,9
670,2025-04-16 06:59:03,2025-04-16 14:07:41,32
671,2025-04-16 06:59:05,2025-04-16 14:08:08,12
672,2025-04-16 06:59:10,2025-04-16 14:08:50,41
673,2025-04-16 06:59:11,2025-04-16 14:09:00,21
674,2025-04-16 06:59:31,2025-04-16 14:10:05,39
675,2025-04-16 07:02:27,2025-04-16 14:10:23,24
676,2025-04-16 13:45:51,2025-04-16 21:55:17,33
677,2025-04-16 13:46:16,2025-04-16 21:55:24,37
678,2025-04-16 13:47:18,2025-04-16 21:55:32,7
679,2025-04-16 13:48:00,2025-04-16 21:56:06,40
680,2025-04-16 13:48:02,2025-04-16 21:56:55,44
681,2025-04-16 13:48:22,2025-04-16 21:56:57,46
682,2025-04-16 13:48:36,2025-04-16 21:56:59,15
683,2025-04-16 13:49:29,2025-04-16 21:57:00,16
684,2025-04-16 13:49:54,2025-04-16 21:57:21,18
685,2025-04-16 13:50:47,2025-04-16 21:57:22,20
686,2025-04-16 13:51:12,2025-04-16 21:57:53,23
687,2025-04-16 13:51:31,2025-04-16 21:58:45,27
688,2025-04-16 13:51:47,2025-04-16 21:59:22,29
689,2025-04-16 13:52:13,2025-04-16 21:59:50,3
690,2025-04-16 13:53:02,2025-04-16 21:59:58,8
691,2025-04-16 13:53:05,2025-04-16 22:01:46,17
692,2025-04-16 13:55:44,2025-04-16 22:03:14,47
693,2025-04-16 13:55:46,2025-04-16 22:04:10,48
694,2025-04-16 13:56:18,2025-04-16 22:04:12,26
695,2025-04-16 13:56:50,2025-04-16 22:05:19,10
696,2025-04-16 14:01:22,2025-04-16 22:05:35,43
697,2025-04-16 14:01:30,2025-04-16 22:06:04,11
698,2025-04-16 14:01:32,2025-04-16 22:07:31,25
699,2025-04-16 14:05:48,2025-04-16 22:08:10,30
700,2025-04-16 14:05:50,2025-04-16 22:09:46,34
701,2025-04-17 06:40:53,2025-04-17 13:55:51,1
702,2025-04-17 06:43:37,2025-04-17 13:56:00,35
703,2025-04-17 06:44:14,2025-04-17 13:56:18,22
704,2025-04-17 06:44:29,2025-04-17 13:56:27,7
705,2025-04-17 06:44:33,2025-04-17 13:56:42,33
706,2025-04-17 06:44:34,2025-04-17 13:57:09,15
707,2025-04-17 06:46:16,2025-04-17 13:57:30,27
708,2025-04-17 06:49:19,2025-04-17 13:57:57,36
709,2025-04-17 06:51:33,2025-04-17 13:58:31,44
710,2025-04-17 06:51:48,2025-04-17 13:59:09,23
711,2025-04-17 06:52:58,2025-04-17 13:59:11,45
712,2025-04-17 06:53:18,2025-04-17 13:59:17,40
713,2025-04-17 06:53:49,2025-04-17 14:01:24,49
714,2025-04-17 06:53:58,2025-04-17 14:02:40,3
715,2025-04-17 06:53:59,2025-04-17 14:03:25,19
716,2025-04-17 06:54:07,2025-04-17 14:04:36,8
717,2025-04-17 06:55:49,2025-04-17 14:04:53,28
718,2025-04-17 06:58:21,2025-04-17 14:05:53,26
719,2025-04-17 06:58:26,2025-04-17 14:06:09,48
720,2025-04-17 06:58:36,2025-04-17 14:07:04,32
721,2025-04-17 07:03:14,2025-04-17 14:07:30,41
722,2025-04-17 07:03:15,2025-04-17 14:09:07,43
723,2025-04-17 07:04:29,2025-04-17 14:09:25,39
724,2025-04-17 07:05:27,2025-04-17 14:09:50,30
725,2025-04-17 07:05:36,2025-04-17 14:10:38,24
726,2025-04-17 13:40:21,2025-04-17 21:55:13,2
727,2025-04-17 13:42:37,2025-04-17 21:55:28,4
728,2025-04-17 13:42:40,2025-04-17 21:55:32,5
729,2025-04-17 13:43:33,2025-04-17 21:55:43,6
730,2025-04-17 13:44:00,2025-04-17 21:56:30,37
731,2025-04-17 13:44:52,2025-04-17 21:56:35,13
732,2025-04-17 13:45:56,2025-04-17 21:57:55,46
733,2025-04-17 13:46:07,2025-04-17 22:01:33,16
734,2025-04-17 13:46:30,2025-04-17 22:01:54,18
735,2025-04-17 13:47:13,2025-04-17 22:02:16,50
736,2025-04-17 13:49:30,2025-04-17 22:02:47,20
737,2025-04-17 13:50:08,2025-04-17 22:03:00,29
738,2025-04-17 13:50:55,2025-04-17 22:03:52,31
739,2025-04-17 13:51:58,2025-04-17 22:03:56,14
740,2025-04-17 13:52:37,2025-04-17 22:04:24,17
741,2025-04-17 13:53:32,2025-04-17 22:04:30,38
742,2025-04-17 13:53:59,2025-04-17 22:05:07,47
743,2025-04-17 13:55:50,2025-04-17 22:06:18,9
744,2025-04-17 13:55:50,2025-04-17 22:07:35,42
745,2025-04-17 13:59:20,2025-04-17 22:07:54,10
746,2025-04-17 13:59:29,2025-04-17 22:07:58,11
747,2025-04-17 14:01:57,2025-04-17 22:08:10,12
748,2025-04-17 14:02:49,2025-04-17 22:09:48,25
749,2025-04-17 14:03:37,2025-04-17 22:10:09,21
750,2025-04-17 14:04:19,2025-04-17 22:10:29,34
751,2025-04-18 06:41:11,2025-04-18 13:55:22,1
752,2025-04-18 06:41:58,2025-04-18 13:55:26,27
753,2025-04-18 06:42:03,2025-04-18 13:56:03,4
754,2025-04-18 06:42:03,2025-04-18 13:56:03,49
755,2025-04-18 06:42:46,2025-04-18 13:56:06,45
756,2025-04-18 06:43:10,2025-04-18 13:56:55,15
757,2025-04-18 06:43:53,2025-04-18 13:57:59,50
758,2025-04-18 06:44:20,2025-04-18 13:59:10,35
759,2025-04-18 06:46:26,2025-04-18 13:59:36,22
760,2025-04-18 06:47:33,2025-04-18 14:02:07,31
761,2025-04-18 06:47:38,2025-04-18 14:02:35,7
762,2025-04-18 06:48:52,2025-04-18 14:02:53,29
763,2025-04-18 06:51:24,2025-04-18 14:03:46,40
764,2025-04-18 06:51:25,2025-04-18 14:03:53,3
765,2025-04-18 06:51:29,2025-04-18 14:05:22,28
766,2025-04-18 06:52:33,2025-04-18 14:05:26,17
767,2025-04-18 06:53:52,2025-04-18 14:05:40,19
768,2025-04-18 06:54:06,2025-04-18 14:08:42,26
769,2025-04-18 06:58:16,2025-04-18 14:08:52,48
770,2025-04-18 06:58:44,2025-04-18 14:08:59,32
771,2025-04-18 06:59:26,2025-04-18 14:09:09,12
772,2025-04-18 06:59:58,2025-04-18 14:09:43,11
773,2025-04-18 07:01:56,2025-04-18 14:09:52,30
774,2025-04-18 07:05:16,2025-04-18 14:10:06,21
775,2025-04-18 07:05:37,2025-04-18 14:10:40,24
776,2025-04-18 13:40:58,2025-04-18 21:55:43,33
777,2025-04-18 13:42:26,2025-04-18 21:56:20,2
778,2025-04-18 13:42:27,2025-04-18 21:57:00,36
779,2025-04-18 13:42:41,2025-04-18 21:57:41,5
780,2025-04-18 13:44:24,2025-04-18 21:57:42,6
781,2025-04-18 13:45:30,2025-04-18 21:57:44,37
782,2025-04-18 13:46:56,2025-04-18 21:57:55,44
783,2025-04-18 13:47:07,2025-04-18 21:58:24,13
784,2025-04-18 13:47:48,2025-04-18 21:58:42,46
785,2025-04-18 13:48:26,2025-04-18 22:01:03,16
786,2025-04-18 13:49:26,2025-04-18 22:01:11,18
787,2025-04-18 13:51:21,2025-04-18 22:01:21,20
788,2025-04-18 13:52:25,2025-04-18 22:02:29,23
789,2025-04-18 13:55:20,2025-04-18 22:02:42,14
790,2025-04-18 13:56:03,2025-04-18 22:03:28,8
791,2025-04-18 13:57:24,2025-04-18 22:04:08,38
792,2025-04-18 13:57:39,2025-04-18 22:04:16,47
793,2025-04-18 13:57:42,2025-04-18 22:04:26,9
794,2025-04-18 13:58:10,2025-04-18 22:05:01,42
795,2025-04-18 13:58:50,2025-04-18 22:05:03,10
796,2025-04-18 13:59:22,2025-04-18 22:06:09,41
797,2025-04-18 13:59:25,2025-04-18 22:09:30,43
798,2025-04-18 13:59:33,2025-04-18 22:09:51,25
799,2025-04-18 14:01:31,2025-04-18 22:09:52,39
800,2025-04-18 14:01:35,2025-04-18 22:10:17,34
801,2025-04-19 06:41:07,2025-04-19 13:55:02,1
802,2025-04-19 06:41:08,2025-04-19 13:57:05,2
803,2025-04-19 06:41:44,2025-04-19 13:57:12,49
804,2025-04-19 06:41:49,2025-04-19 13:57:14,20
805,2025-04-19 06:41:57,2025-04-19 13:57:31,6
806,2025-04-19 06:42:13,2025-04-19 13:57:41,29
807,2025-04-19 06:43:29,2025-04-19 13:57:43,44
808,2025-04-19 06:44:23,2025-04-19 13:58:01,7
809,2025-04-19 06:44:42,2025-04-19 13:58:39,5
810,2025-04-19 06:45:29,2025-04-19 13:58:51,31
811,2025-04-19 06:46:33,2025-04-19 14:01:08,46
812,2025-04-19 06:47:28,2025-04-19 14:03:00,33
813,2025-04-19 06:47:33,2025-04-19 14:03:22,4
814,2025-04-19 06:47:38,2025-04-19 14:04:43,3
815,2025-04-19 06:49:05,2025-04-19 14:05:18,8
816,2025-04-19 06:50:07,2025-04-19 14:05:50,28
817,2025-04-19 06:50:51,2025-04-19 14:06:43,38
818,2025-04-19 06:51:46,2025-04-19 14:07:26,26
819,2025-04-19 06:52:29,2025-04-19 14:07:55,42
820,2025-04-19 06:52:40,2025-04-19 14:08:03,32
821,2025-04-19 06:53:55,2025-04-19 14:09:34,11
822,2025-04-19 06:57:11,2025-04-19 14:10:10,41
823,2025-04-19 06:58:34,2025-04-19 14:10:30,21
824,2025-04-19 07:02:00,2025-04-19 14:10:33,30
825,2025-04-19 07:04:16,2025-04-19 14:10:35,34
826,2025-04-19 13:40:38,2025-04-19 21:55:03,35
827,2025-04-19 13:41:02,2025-04-19 21:55:30,36
828,2025-04-19 13:45:05,2025-04-19 21:55:33,37
829,2025-04-19 13:45:06,2025-04-19 21:55:41,40
830,2025-04-19 13:45:12,2025-04-19 21:55:47,13
831,2025-04-19 13:45:39,2025-04-19 21:55:54,45
832,2025-04-19 13:47:16,2025-04-19 21:56:06,15
833,2025-04-19 13:49:07,2025-04-19 21:56:17,16
834,2025-04-19 13:49:08,2025-04-19 21:56:21,18
835,2025-04-19 13:49:11,2025-04-19 21:56:41,50
836,2025-04-19 13:49:14,2025-04-19 21:58:08,22
837,2025-04-19 13:49:35,2025-04-19 21:58:44,23
838,2025-04-19 13:50:47,2025-04-19 21:59:06,27
839,2025-04-19 13:50:50,2025-04-19 21:59:54,14
840,2025-04-19 13:52:18,2025-04-19 22:01:49,17
841,2025-04-19 13:53:04,2025-04-19 22:03:54,19
842,2025-04-19 13:53:41,2025-04-19 22:03:55,47
843,2025-04-19 13:54:20,2025-04-19 22:04:03,48
844,2025-04-19 13:56:15,2025-04-19 22:04:22,9
845,2025-04-19 13:56:59,2025-04-19 22:05:46,10
846,2025-04-19 13:58:32,2025-04-19 22:05:52,43
847,2025-04-19 13:59:18,2025-04-19 22:08:06,12
848,2025-04-19 13:59:34,2025-04-19 22:08:06,25
849,2025-04-19 14:03:33,2025-04-19 22:09:24,39
850,2025-04-19 14:05:09,2025-04-19 22:09:54,24
851,2025-04-20 06:41:31,2025-04-20 13:56:16,1
852,2025-04-20 06:42:52,2025-04-20 13:56:16,31
853,2025-04-20 06:43:50,2025-04-20 13:56:21,29
854,2025-04-20 06:43:58,2025-04-20 13:56:50,27
855,2025-04-20 06:44:41,2025-04-20 13:57:04,20
856,2025-04-20 06:44:45,2025-04-20 13:57:21,22
857,2025-04-20 06:46:33,2025-04-20 13:57:38,37
858,2025-04-20 06:49:08,2025-04-20 13:58:06,18
859,2025-04-20 06:49:45,2025-04-20 13:58:09,13
860,2025-04-20 06:52:27,2025-04-20 13:58:52,46
861,2025-04-20 06:52:33,2025-04-20 13:59:21,23
862,2025-04-20 06:53:07,2025-04-20 13:59:42,44
863,2025-04-20 06:53:27,2025-04-20 13:59:44,6
864,2025-04-20 06:53:39,2025-04-20 14:01:33,3
865,2025-04-20 06:54:48,2025-04-20 14:02:58,17
866,2025-04-20 06:55:16,2025-04-20 14:03:23,47
867,2025-04-20 06:56:23,2025-04-20 14:03:33,28
868,2025-04-20 06:57:07,2025-04-20 14:03:37,48
869,2025-04-20 06:58:44,2025-04-20 14:04:33,42
870,2025-04-20 07:01:04,2025-04-20 14:06:21,32
871,2025-04-20 07:02:00,2025-04-20 14:06:55,43
872,2025-04-20 07:02:43,2025-04-20 14:08:00,12
873,2025-04-20 07:03:58,2025-04-20 14:08:19,25
874,2025-04-20 07:05:20,2025-04-20 14:09:18,21
875,2025-04-20 07:05:45,2025-04-20 14:10:01,24
876,2025-04-20 13:41:22,2025-04-20 21:55:11,33
877,2025-04-20 13:42:08,2025-04-20 21:55:21,2
878,2025-04-20 13:43:02,2025-04-20 21:55:34,35
879,2025-04-20 13:43:12,2025-04-20 21:55:40,4
880,2025-04-20 13:43:45,2025-04-20 21:56:26,5
881,2025-04-20 13:46:14,2025-04-20 21:56:42,36
882,2025-04-20 13:46:24,2025-04-20 21:57:30,7
883,2025-04-20 13:47:40,2025-04-20 21:57:59,40
884,2025-04-20 13:49:31,2025-04-20 21:58:08,45
885,2025-04-20 13:50:57,2025-04-20 21:58:14,15
886,2025-04-20 13:52:25,2025-04-20 21:59:31,16
887,2025-04-20 13:52:26,2025-04-20 21:59:57,49
888,2025-04-20 13:54:23,2025-04-20 22:01:28,50
889,2025-04-20 13:54:35,2025-04-20 22:01:35,14
890,2025-04-20 13:56:07,2025-04-20 22:01:53,8
891,2025-04-20 13:57:29,2025-04-20 22:03:29,19
892,2025-04-20 13:57:38,2025-04-20 22:05:45,38
893,2025-04-20 13:58:19,2025-04-20 22:06:30,9
894,2025-04-20 13:58:42,2025-04-20 22:08:06,26
895,2025-04-20 13:59:03,2025-04-20 22:08:29,10
896,2025-04-20 14:03:27,2025-04-20 22:08:38,41
897,2025-04-20 14:04:09,2025-04-20 22:09:07,11
898,2025-04-20 14:05:12,2025-04-20 22:10:37,30
899,2025-04-20 14:05:37,2025-04-20 22:10:43,39
900,2025-04-20 14:05:41,2025-04-20 22:10:45,34
901,2025-04-22 06:40:21,2025-04-22 13:55:02,1
902,2025-04-22 06:41:17,2025-04-22 13:55:16,37
903,2025-04-22 06:41:35,2025-04-22 13:56:19,45
904,2025-04-22 06:43:24,2025-04-22 13:56:20,6
905,2025-04-22 06:43:32,2025-04-22 13:56:38,5
906,2025-04-22 06:43:33,2025-04-22 13:57:37,29
907,2025-04-22 06:43:50,2025-04-22 13:57:42,18
908,2025-04-22 06:47:11,2025-04-22 13:58:12,20
909,2025-04-22 06:47:17,2025-04-22 13:58:28,16
910,2025-04-22 06:48:47,2025-04-22 13:58:31,7
911,2025-04-22 06:49:17,2025-04-22 13:58:37,22
912,2025-04-22 06:49:20,2025-04-22 13:59:21,50
913,2025-04-22 06:49:54,2025-04-22 13:59:30,33
914,2025-04-22 06:51:08,2025-04-22 13:59:47,3
915,2025-04-22 06:53:13,2025-04-22 14:03:10,28
916,2025-04-22 06:53:18,2025-04-22 14:03:13,17
917,2025-04-22 06:54:26,2025-04-22 14:03:18,47
918,2025-04-22 06:55:41,2025-04-22 14:03:20,48
919,2025-04-22 06:56:14,2025-04-22 14:03:52,26
920,2025-04-22 06:58:17,2025-04-22 14:04:45,10
921,2025-04-22 06:58:27,2025-04-22 14:05:11,12
922,2025-04-22 06:58:57,2025-04-22 14:06:18,11
923,2025-04-22 07:02:58,2025-04-22 14:08:23,30
924,2025-04-22 07:03:08,2025-04-22 14:08:27,25
925,2025-04-22 07:05:14,2025-04-22 14:09:39,24
926,2025-04-22 13:41:29,2025-04-22 21:55:01,2
927,2025-04-22 13:43:29,2025-04-22 21:55:05,35
928,2025-04-22 13:44:50,2025-04-22 21:55:26,4
929,2025-04-22 13:44:54,2025-04-22 21:55:28,36
930,2025-04-22 13:45:05,2025-04-22 21:55:57,40
931,2025-04-22 13:46:17,2025-04-22 21:55:57,44
932,2025-04-22 13:46:35,2025-04-22 21:56:03,13
933,2025-04-22 13:47:16,2025-04-22 21:56:56,46
934,2025-04-22 13:48:15,2025-04-22 21:57:22,15
935,2025-04-22 13:49:41,2025-04-22 21:57:37,49
936,2025-04-22 13:50:12,2025-04-22 21:57:47,23
937,2025-04-22 13:52:19,2025-04-22 21:58:15,27
938,2025-04-22 13:52:27,2025-04-22 21:58:27,31
939,2025-04-22 13:53:03,2025-04-22 21:58:37,14
940,2025-04-22 13:54:37,2025-04-22 21:59:27,8
941,2025-04-22 13:54:48,2025-04-22 22:01:10,19
942,2025-04-22 13:56:51,2025-04-22 22:01:53,38
943,2025-04-22 13:57:48,2025-04-22 22:04:19,9
944,2025-04-22 13:58:03,2025-04-22 22:04:31,42
945,2025-04-22 13:58:08,2025-04-22 22:05:16,32
946,2025-04-22 13:58:33,2025-04-22 22:07:06,41
947,2025-04-22 13:59:05,2025-04-22 22:07:26,43
948,2025-04-22 14:01:58,2025-04-22 22:08:04,21
949,2025-04-22 14:03:05,2025-04-22 22:08:48,39
950,2025-04-22 14:03:58,2025-04-22 22:10:32,34
951,2025-04-23 06:42:09,2025-04-23 13:55:49,1
952,2025-04-23 06:42:42,2025-04-23 13:56:05,35
953,2025-04-23 06:42:55,2025-04-23 13:56:30,2
954,2025-04-23 06:43:15,2025-04-23 13:56:30,44
955,2025-04-23 06:43:21,2025-04-23 13:57:04,6
956,2025-04-23 06:43:42,2025-04-23 13:58:00,46
957,2025-04-23 06:44:30,2025-04-23 13:58:11,16
958,2025-04-23 06:44:46,2025-04-23 13:58:27,31
959,2025-04-23 06:45:20,2025-04-23 13:58:29,5
960,2025-04-23 06:45:23,2025-04-23 13:58:34,29
961,2025-04-23 06:45:49,2025-04-23 13:58:48,22
962,2025-04-23 06:46:18,2025-04-23 13:59:20,33
963,2025-04-23 06:46:29,2025-04-23 13:59:22,4
964,2025-04-23 06:47:27,2025-04-23 13:59:33,14
965,2025-04-23 06:48:07,2025-04-23 14:02:12,19
966,2025-04-23 06:50:21,2025-04-23 14:02:52,38
967,2025-04-23 06:50:49,2025-04-23 14:05:27,17
968,2025-04-23 06:52:09,2025-04-23 14:05:58,26
969,2025-04-23 06:52:34,2025-04-23 14:06:27,9
970,2025-04-23 06:52:52,2025-04-23 14:06:47,32
971,2025-04-23 06:56:36,2025-04-23 14:08:21,41
972,2025-04-23 06:58:16,2025-04-23 14:08:23,12
973,2025-04-23 07:01:04,2025-04-23 14:08:57,39
974,2025-04-23 07:01:49,2025-04-23 14:10:12,21
975,2025-04-23 07:04:08,2025-04-23 14:10:57,24
976,2025-04-23 13:40:06,2025-04-23 21:55:40,36
977,2025-04-23 13:40:33,2025-04-23 21:55:54,37
978,2025-04-23 13:41:26,2025-04-23 21:56:07,7
979,2025-04-23 13:42:04,2025-04-23 21:56:30,40
980,2025-04-23 13:44:01,2025-04-23 21:56:47,13
981,2025-04-23 13:44:48,2025-04-23 21:56:57,45
982,2025-04-23 13:45:49,2025-04-23 21:57:06,15
983,2025-04-23 13:46:18,2025-04-23 21:57:24,49
984,2025-04-23 13:47:17,2025-04-23 21:58:18,18
985,2025-04-23 13:47:30,2025-04-23 21:58:21,50
986,2025-04-23 13:48:39,2025-04-23 21:58:50,20
987,2025-04-23 13:50:22,2025-04-23 21:59:52,23
988,2025-04-23 13:50:44,2025-04-23 22:03:59,27
989,2025-04-23 13:50:48,2025-04-23 22:06:25,3
990,2025-04-23 13:52:55,2025-04-23 22:06:38,8
991,2025-04-23 13:54:35,2025-04-23 22:07:19,28
992,2025-04-23 13:54:38,2025-04-23 22:07:27,47
993,2025-04-23 13:55:30,2025-04-23 22:07:28,48
994,2025-04-23 13:56:26,2025-04-23 22:07:38,42
995,2025-04-23 13:58:37,2025-04-23 22:08:22,10
996,2025-04-23 13:58:47,2025-04-23 22:08:32,43
997,2025-04-23 13:59:47,2025-04-23 22:09:00,11
998,2025-04-23 14:03:25,2025-04-23 22:09:46,25
999,2025-04-23 14:04:07,2025-04-23 22:09:59,30
1000,2025-04-23 14:05:49,2025-04-23 22:10:13,34
1001,2025-04-24 06:41:16,2025-04-24 13:55:09,1
1002,2025-04-24 06:42:40,2025-04-24 13:55:23,37
1003,2025-04-24 06:42:52,2025-04-24 13:56:25,2
1004,2025-04-24 06:43:21,2025-04-24 13:56:28,7
1005,2025-04-24 06:45:05,2025-04-24 13:56:51,27
1006,2025-04-24 06:45:41,2025-04-24 13:57:34,4
1007,2025-04-24 06:46:56,2025-04-24 13:57:57,6
1008,2025-04-24 06:48:58,2025-04-24 13:58:05,29
1009,2025-04-24 06:49:00,2025-04-24 13:58:08,13
1010,2025-04-24 06:49:01,2025-04-24 13:58:41,33
1011,2025-04-24 06:49:24,2025-04-24 13:58:45,50
1012,2025-04-24 06:49:34,2025-04-24 13:58:51,31
1013,2025-04-24 06:50:13,2025-04-24 13:58:54,35
1014,2025-04-24 06:51:50,2025-04-24 13:59:00,3
1015,2025-04-24 06:53:34,2025-04-24 13:59:01,38
1016,2025-04-24 06:54:40,2025-04-24 14:01:02,28
1017,2025-04-24 06:57:25,2025-04-24 14:01:06,47
1018,2025-04-24 06:57:41,2025-04-24 14:03:40,9
1019,2025-04-24 06:58:35,2025-04-24 14:04:37,26
1020,2025-04-24 06:59:37,2025-04-24 14:05:32,32
1021,2025-04-24 06:59:56,2025-04-24 14:06:15,41
1022,2025-04-24 07:02:04,2025-04-24 14:07:38,11
1023,2025-04-24 07:02:57,2025-04-24 14:08:09,30
1024,2025-04-24 07:03:20,2025-04-24 14:09:58,21
1025,2025-04-24 07:04:06,2025-04-24 14:10:06,34
1026,2025-04-24 13:40:39,2025-04-24 21:55:41,36
1027,2025-04-24 13:40:58,2025-04-24 21:56:54,5
1028,2025-04-24 13:41:44,2025-04-24 21:57:19,40
1029,2025-04-24 13:42:10,2025-04-24 21:57:44,44
1030,2025-04-24 13:43:40,2025-04-24 21:57:50,45
1031,2025-04-24 13:43:55,2025-04-24 21:58:20,46
1032,2025-04-24 13:45:33,2025-04-24 21:58:30,15
1033,2025-04-24 13:45:58,2025-04-24 21:59:05,16
1034,2025-04-24 13:46:04,2025-04-24 21:59:27,49
1035,2025-04-24 13:47:37,2025-04-24 21:59:39,18
1036,2025-04-24 13:47:44,2025-04-24 22:01:28,20
1037,2025-04-24 13:49:19,2025-04-24 22:02:17,22
1038,2025-04-24 13:49:34,2025-04-24 22:03:57,23
1039,2025-04-24 13:49:50,2025-04-24 22:05:14,14
1040,2025-04-24 13:49:51,2025-04-24 22:05:19,8
1041,2025-04-24 13:51:27,2025-04-24 22:06:57,17
1042,2025-04-24 13:53:45,2025-04-24 22:07:00,19
1043,2025-04-24 13:57:26,2025-04-24 22:08:19,48
1044,2025-04-24 13:57:59,2025-04-24 22:08:29,42
1045,2025-04-24 13:58:04,2025-04-24 22:08:47,10
1046,2025-04-24 13:59:36,2025-04-24 22:08:56,43
1047,2025-04-24 14:01:09,2025-04-24 22:09:39,12
1048,2025-04-24 14:04:08,2025-04-24 22:09:53,25
1049,2025-04-24 14:05:38,2025-04-24 22:10:11,39
1050,2025-04-24 14:05:45,2025-04-24 22:10:13,24
1051,2025-04-25 06:40:39,2025-04-25 13:55:42,1
1052,2025-04-25 06:42:07,2025-04-25 13:55:43,7
1053,2025-04-25 06:42:27,2025-04-25 13:56:35,45
1054,2025-04-25 06:44:53,2025-04-25 13:57:22,15
1055,2025-04-25 06:45:59,2025-04-25 13:59:17,23
1056,2025-04-25 06:46:35,2025-04-25 13:59:19,18
1057,2025-04-25 06:47:49,2025-04-25 13:59:45,22
1058,2025-04-25 06:49:59,2025-04-25 14:01:13,20
1059,2025-04-25 06:50:29,2025-04-25 14:02:00,44
1060,2025-04-25 06:50:55,2025-04-25 14:02:05,13
1061,2025-04-25 06:51:00,2025-04-25 14:02:53,16
1062,2025-04-25 06:51:43,2025-04-25 14:03:29,33
1063,2025-04-25 06:54:38,2025-04-25 14:03:32,46
1064,2025-04-25 06:55:00,2025-04-25 14:03:36,14
1065,2025-04-25 06:55:23,2025-04-25 14:03:42,8
1066,2025-04-25 06:55:30,2025-04-25 14:04:17,17
1067,2025-04-25 06:55:54,2025-04-25 14:04:24,28
1068,2025-04-25 06:56:18,2025-04-25 14:05:48,42
1069,2025-04-25 06:56:32,2025-04-25 14:07:10,48
1070,2025-04-25 06:57:56,2025-04-25 14:07:52,32
1071,2025-04-25 07:04:38,2025-04-25 14:08:41,41
1072,2025-04-25 07:05:11,2025-04-25 14:09:03,11
1073,2025-04-25 07:05:16,2025-04-25 14:09:57,39
1074,2025-04-25 07:05:23,2025-04-25 14:10:21,21
1075,2025-04-25 07:05:24,2025-04-25 14:10:41,34
1076,2025-04-25 13:40:48,2025-04-25 21:55:07,2
1077,2025-04-25 13:41:14,2025-04-25 21:55:26,35
1078,2025-04-25 13:43:13,2025-04-25 21:56:06,4
1079,2025-04-25 13:43:55,2025-04-25 21:56:22,5
1080,2025-04-25 13:44:11,2025-04-25 21:57:18,6
1081,2025-04-25 13:44:28,2025-04-25 21:57:25,36
1082,2025-04-25 13:47:33,2025-04-25 21:58:24,37
1083,2025-04-25 13:48:40,2025-04-25 21:59:42,40
1084,2025-04-25 13:51:05,2025-04-25 22:01:06,49
1085,2025-04-25 13:51:51,2025-04-25 22:01:19,50
1086,2025-04-25 13:51:55,2025-04-25 22:01:39,27
1087,2025-04-25 13:52:03,2025-04-25 22:01:46,29
1088,2025-04-25 13:52:25,2025-04-25 22:02:31,31
1089,2025-04-25 13:53:10,2025-04-25 22:03:04,3
1090,2025-04-25 13:53:30,2025-04-25 22:04:15,19
1091,2025-04-25 13:53:34,2025-04-25 22:04:18,38
1092,2025-04-25 13:53:57,2025-04-25 22:04:43,47
1093,2025-04-25 13:55:22,2025-04-25 22:05:10,9
1094,2025-04-25 13:56:26,2025-04-25 22:05:56,26
1095,2025-04-25 13:59:11,2025-04-25 22:05:57,10
1096,2025-04-25 13:59:52,2025-04-25 22:06:07,43
1097,2025-04-25 14:01:19,2025-04-25 22:06:09,12
1098,2025-04-25 14:01:25,2025-04-25 22:07:48,25
1099,2025-04-25 14:03:24,2025-04-25 22:08:16,30
1100,2025-04-25 14:03:45,2025-04-25 22:10:41,24
1101,2025-04-26 06:42:13,2025-04-26 13:55:23,1
1102,2025-04-26 06:42:51,2025-04-26 13:55:26,31
1103,2025-04-26 06:44:00,2025-04-26 13:55:41,15
1104,2025-04-26 06:44:49,2025-04-26 13:56:05,13
1105,2025-04-26 06:45:10,2025-04-26 13:56:18,50
1106,2025-04-26 06:45:58,2025-04-26 13:56:33,35
1107,2025-04-26 06:46:12,2025-04-26 13:56:53,40
1108,2025-04-26 06:47:11,2025-04-26 13:57:05,27
1109,2025-04-26 06:48:31,2025-04-26 13:57:28,23
1110,2025-04-26 06:49:12,2025-04-26 13:57:29,36
1111,2025-04-26 06:51:18,2025-04-26 13:57:31,5
1112,2025-04-26 06:51:29,2025-04-26 13:57:46,20
1113,2025-04-26 06:51:48,2025-04-26 13:58:02,49
1114,2025-04-26 06:52:20,2025-04-26 13:58:09,14
1115,2025-04-26 06:52:55,2025-04-26 13:59:53,8
1116,2025-04-26 06:54:11,2025-04-26 14:02:22,17
1117,2025-04-26 06:54:15,2025-04-26 14:03:09,38
1118,2025-04-26 06:55:27,2025-04-26 14:04:59,42
1119,2025-04-26 06:56:37,2025-04-26 14:05:08,26
1120,2025-04-26 06:58:42,2025-04-26 14:06:43,10
1121,2025-04-26 06:59:31,2025-04-26 14:06:44,11
1122,2025-04-26 07:02:00,2025-04-26 14:07:31,12
1123,2025-04-26 07:02:32,2025-04-26 14:07:49,25
1124,2025-04-26 07:04:36,2025-04-26 14:09:28,21
1125,2025-04-26 07:05:45,2025-04-26 14:10:33,34
1126,2025-04-26 13:40:55,2025-04-26 21:55:04,33
1127,2025-04-26 13:41:30,2025-04-26 21:55:14,2
1128,2025-04-26 13:42:58,2025-04-26 21:55:19,4
1129,2025-04-26 13:43:09,2025-04-26 21:55:24,37
1130,2025-04-26 13:43:20,2025-04-26 21:55:37,6
1131,2025-04-26 13:45:53,2025-04-26 21:56:40,7
1132,2025-04-26 13:48:17,2025-04-26 21:56:42,44
1133,2025-04-26 13:48:26,2025-04-26 21:56:59,45
1134,2025-04-26 13:48:37,2025-04-26 21:57:06,46
1135,2025-04-26 13:49:56,2025-04-26 21:57:22,16
1136,2025-04-26 13:53:14,2025-04-26 21:57:26,18
1137,2025-04-26 13:54:22,2025-04-26 21:58:06,22
1138,2025-04-26 13:54:33,2025-04-26 21:58:18,29
1139,2025-04-26 13:55:04,2025-04-26 21:58:50,3
1140,2025-04-26 13:57:15,2025-04-26 21:59:02,19
1141,2025-04-26 13:57:57,2025-04-26 21:59:35,28
1142,2025-04-26 13:58:42,2025-04-26 22:02:06,47
1143,2025-04-26 13:59:38,2025-04-26 22:03:43,48
1144,2025-04-26 14:01:20,2025-04-26 22:04:29,9
1145,2025-04-26 14:01:34,2025-04-26 22:04:33,32
1146,2025-04-26 14:01:56,2025-04-26 22:05:36,41
1147,2025-04-26 14:02:08,2025-04-26 22:05:49,43
1148,2025-04-26 14:02:25,2025-04-26 22:08:27,30
1149,2025-04-26 14:04:35,2025-04-26 22:09:12,39
1150,2025-04-26 14:04:57,2025-04-26 22:09:19,24
1151,2025-04-27 06:43:45,2025-04-27 13:55:00,1
1152,2025-04-27 06:45:06,2025-04-27 13:55:26,27
1153,2025-04-27 06:46:35,2025-04-27 13:56:00,7
1154,2025-04-27 06:47:15,2025-04-27 13:56:56,20
1155,2025-04-27 06:48:00,2025-04-27 13:57:19,5
1156,2025-04-27 06:48:19,2025-04-27 13:58:01,31
1157,2025-04-27 06:48:37,2025-04-27 13:58:09,50
1158,2025-04-27 06:48:43,2025-04-27 13:58:25,16
1159,2025-04-27 06:50:53,2025-04-27 13:58:49,15
1160,2025-04-27 06:51:53,2025-04-27 13:58:50,49
1161,2025-04-27 06:53:01,2025-04-27 13:58:58,44
1162,2025-04-27 06:53:58,2025-04-27 13:59:19,6
1163,2025-04-27 06:55:24,2025-04-27 13:59:26,22
1164,2025-04-27 06:55:32,2025-04-27 13:59:36,14
1165,2025-04-27 06:56:09,2025-04-27 13:59:55,17
1166,2025-04-27 06:57:08,2025-04-27 14:01:30,47
1167,2025-04-27 06:58:16,2025-04-27 14:01:34,28
1168,2025-04-27 06:58:29,2025-04-27 14:02:02,9
1169,2025-04-27 06:58:37,2025-04-27 14:03:08,48
1170,2025-04-27 06:59:18,2025-04-27 14:05:57,10
1171,2025-04-27 06:59:53,2025-04-27 14:07:15,12
1172,2025-04-27 07:01:44,2025-04-27 14:08:58,41
1173,2025-04-27 07:02:36,2025-04-27 14:09:26,39
1174,2025-04-27 07:03:42,2025-04-27 14:09:29,30
1175,2025-04-27 07:05:41,2025-04-27 14:10:05,34
1176,2025-04-27 13:40:25,2025-04-27 21:55:02,33
1177,2025-04-27 13:40:40,2025-04-27 21:55:27,2
1178,2025-04-27 13:44:55,2025-04-27 21:55:33,35
1179,2025-04-27 13:44:58,2025-04-27 21:55:45,4
1180,2025-04-27 13:45:34,2025-04-27 21:56:08,36
1181,2025-04-27 13:47:50,2025-04-27 21:57:11,37
1182,2025-04-27 13:47:58,2025-04-27 21:57:31,40
1183,2025-04-27 13:50:15,2025-04-27 21:58:59,13
1184,2025-04-27 13:51:59,2025-04-27 21:59:18,45
1185,2025-04-27 13:52:09,2025-04-27 22:01:52,46
1186,2025-04-27 13:52:17,2025-04-27 22:02:05,18
1187,2025-04-27 13:52:58,2025-04-27 22:02:44,23
1188,2025-04-27 13:52:59,2025-04-27 22:03:14,29
1189,2025-04-27 13:53:54,2025-04-27 22:04:25,3
1190,2025-04-27 13:55:09,2025-04-27 22:04:27,8
1191,2025-04-27 13:57:21,2025-04-27 22:04:41,19
1192,2025-04-27 13:57:49,2025-04-27 22:04:54,38
1193,2025-04-27 13:58:15,2025-04-27 22:05:17,26
1194,2025-04-27 13:58:59,2025-04-27 22:06:12,42
1195,2025-04-27 14:01:21,2025-04-27 22:06:14,32
1196,2025-04-27 14:02:06,2025-04-27 22:06:24,43
1197,2025-04-27 14:02:38,2025-04-27 22:08:36,11
1198,2025-04-27 14:02:40,2025-04-27 22:09:14,25
1199,2025-04-27 14:03:07,2025-04-27 22:09:18,21
1200,2025-04-27 14:03:46,2025-04-27 22:10:48,24
1201,2025-04-29 06:42:01,2025-04-29 13:55:36,1
1202,2025-04-29 06:42:43,2025-04-29 13:55:45,46
1203,2025-04-29 06:43:36,2025-04-29 13:57:21,37
1204,2025-04-29 06:44:24,2025-04-29 13:58:07,22
1205,2025-04-29 06:45:28,2025-04-29 13:58:39,2
1206,2025-04-29 06:45:39,2025-04-29 13:59:14,50
1207,2025-04-29 06:45:55,2025-04-29 13:59:33,4
1208,2025-04-29 06:46:40,2025-04-29 13:59:53,40
1209,2025-04-29 06:46:49,2025-04-29 14:01:04,35
1210,2025-04-29 06:49:21,2025-04-29 14:01:14,18
1211,2025-04-29 06:49:43,2025-04-29 14:02:39,7
1212,2025-04-29 06:50:12,2025-04-29 14:02:43,49
1213,2025-04-29 06:50:29,2025-04-29 14:03:23,27
1214,2025-04-29 06:52:15,2025-04-29 14:03:23,14
1215,2025-04-29 06:52:18,2025-04-29 14:04:04,28
1216,2025-04-29 06:54:48,2025-04-29 14:04:25,19
1217,2025-04-29 06:57:54,2025-04-29 14:04:28,17
1218,2025-04-29 06:58:06,2025-04-29 14:04:57,9
1219,2025-04-29 06:58:11,2025-04-29 14:06:25,48
1220,2025-04-29 06:58:43,2025-04-29 14:06:32,32
1221,2025-04-29 06:58:55,2025-04-29 14:08:26,43
1222,2025-04-29 06:59:42,2025-04-29 14:08:35,12
1223,2025-04-29 06:59:56,2025-04-29 14:09:18,39
1224,2025-04-29 07:05:08,2025-04-29 14:09:54,30
1225,2025-04-29 07:05:34,2025-04-29 14:10:23,34
1226,2025-04-29 13:40:30,2025-04-29 21:55:25,33
1227,2025-04-29 13:40:50,2025-04-29 21:56:06,36
1228,2025-04-29 13:41:00,2025-04-29 21:56:20,5
1229,2025-04-29 13:41:08,2025-04-29 21:56:43,6
1230,2025-04-29 13:42:33,2025-04-29 21:57:31,44
1231,2025-04-29 13:44:30,2025-04-29 21:57:44,13
1232,2025-04-29 13:44:31,2025-04-29 21:57:46,45
1233,2025-04-29 13:45:12,2025-04-29 21:57:53,15
1234,2025-04-29 13:46:01,2025-04-29 21:58:53,16
1235,2025-04-29 13:46:50,2025-04-29 21:59:20,20
1236,2025-04-29 13:49:43,2025-04-29 21:59:31,23
1237,2025-04-29 13:50:31,2025-04-29 21:59:46,29
1238,2025-04-29 13:52:04,2025-04-29 21:59:53,31
1239,2025-04-29 13:52:20,2025-04-29 22:01:34,3
1240,2025-04-29 13:52:22,2025-04-29 22:01:38,8
1241,2025-04-29 13:53:24,2025-04-29 22:01:56,38
1242,2025-04-29 13:57:12,2025-04-29 22:02:19,47
1243,2025-04-29 13:57:23,2025-04-29 22:03:29,26
1244,2025-04-29 13:58:40,2025-04-29 22:05:57,42
1245,2025-04-29 13:58:55,2025-04-29 22:06:21,10
1246,2025-04-29 13:59:00,2025-04-29 22:06:23,41
1247,2025-04-29 13:59:26,2025-04-29 22:06:41,11
1248,2025-04-29 13:59:40,2025-04-29 22:07:15,25
1249,2025-04-29 14:02:30,2025-04-29 22:08:17,21
1250,2025-04-29 14:05:37,2025-04-29 22:09:49,24
1251,2025-04-30 06:40:28,2025-04-30 13:55:24,1
1252,2025-04-30 06:43:11,2025-04-30 13:55:29,22
1253,2025-04-30 06:43:14,2025-04-30 13:55:45,46
1254,2025-04-30 06:44:04,2025-04-30 13:56:39,37
1255,2025-04-30 06:45:11,2025-04-30 13:57:20,13
1256,2025-04-30 06:45:15,2025-04-30 13:57:29,45
1257,2025-04-30 06:46:43,2025-04-30 13:57:29,2
1258,2025-04-30 06:47:16,2025-04-30 13:57:39,23
1259,2025-04-30 06:48:44,2025-04-30 13:57:48,7
1260,2025-04-30 06:48:52,2025-04-30 13:58:24,40
1261,2025-04-30 06:50:55,2025-04-30 13:59:15,20
1262,2025-04-30 06:50:57,2025-04-30 13:59:44,31
1263,2025-04-30 06:51:16,2025-04-30 14:01:47,15
1264,2025-04-30 06:52:55,2025-04-30 14:02:27,14
1265,2025-04-30 06:56:11,2025-04-30 14:02:57,19
1266,2025-04-30 06:56:28,2025-04-30 14:03:05,17
1267,2025-04-30 06:57:44,2025-04-30 14:03:06,47
1268,2025-04-30 06:57:44,2025-04-30 14:04:00,9
1269,2025-04-30 06:59:06,2025-04-30 14:04:55,42
1270,2025-04-30 06:59:38,2025-04-30 14:05:54,32
1271,2025-04-30 07:01:01,2025-04-30 14:06:36,11
1272,2025-04-30 07:01:45,2025-04-30 14:09:19,41
1273,2025-04-30 07:01:50,2025-04-30 14:09:20,21
1274,2025-04-30 07:05:17,2025-04-30 14:10:19,39
1275,2025-04-30 07:05:28,2025-04-30 14:10:59,34
1276,2025-04-30 13:41:00,2025-04-30 21:56:08,33
1277,2025-04-30 13:41:21,2025-04-30 21:56:41,35
1278,2025-04-30 13:42:04,2025-04-30 21:57:22,4
1279,2025-04-30 13:42:47,2025-04-30 21:57:40,5
1280,2025-04-30 13:44:38,2025-04-30 21:57:46,6
1281,2025-04-30 13:45:33,2025-04-30 21:58:04,36
1282,2025-04-30 13:45:41,2025-04-30 21:58:28,44
1283,2025-04-30 13:50:45,2025-04-30 21:58:58,16
1284,2025-04-30 13:52:06,2025-04-30 21:59:13,49
1285,2025-04-30 13:52:54,2025-04-30 22:01:27,18
1286,2025-04-30 13:53:01,2025-04-30 22:01:41,50
1287,2025-04-30 13:53:14,2025-04-30 22:01:53,27
1288,2025-04-30 13:53:36,2025-04-30 22:02:11,29
1289,2025-04-30 13:56:18,2025-04-30 22:02:22,3
1290,2025-04-30 13:57:31,2025-04-30 22:05:49,8
1291,2025-04-30 13:57:37,2025-04-30 22:06:27,28
1292,2025-04-30 13:58:30,2025-04-30 22:06:45,38
1293,2025-04-30 13:58:46,2025-04-30 22:07:26,48
1294,2025-04-30 13:59:34,2025-04-30 22:07:44,26
1295,2025-04-30 13:59:35,2025-04-30 22:08:06,10
1296,2025-04-30 14:01:11,2025-04-30 22:08:27,43
1297,2025-04-30 14:02:17,2025-04-30 22:09:22,12
1298,2025-04-30 14:03:57,2025-04-30 22:10:05,25
1299,2025-04-30 14:04:01,2025-04-30 22:10:20,30
1300,2025-04-30 14:04:24,2025-04-30 22:10:55,24
