id,id_narudzba_kupca,id_artikl,kolicina
1,1,158,27
2,1,207,40
3,1,208,20
4,1,205,21
5,1,154,41
6,1,159,16
7,2,491,32
8,2,291,50
9,2,293,48
10,2,296,25
11,2,295,35
12,2,495,15
13,2,500,12
14,3,419,23
15,3,416,32
16,3,412,48
17,3,420,10
18,3,414,24
19,4,433,12
20,4,434,23
21,4,435,18
22,4,437,50
23,4,432,49
24,4,431,26
25,4,436,45
26,4,439,21
27,4,440,12
28,5,440,18
29,5,436,34
30,5,438,39
31,5,433,23
32,5,431,16
33,5,437,40
34,5,434,46
35,5,439,20
36,6,351,20
37,6,352,14
38,6,357,20
39,6,354,12
40,6,360,18
41,6,356,10
42,6,353,16
43,6,358,35
44,6,359,50
45,7,269,40
46,7,267,25
47,7,468,22
48,7,467,33
49,7,469,30
50,7,265,43
51,7,463,25
52,7,465,25
53,7,261,44
54,8,306,30
55,8,302,10
56,8,301,35
57,8,305,46
58,8,308,29
59,8,309,50
60,9,418,44
61,9,416,26
62,9,417,42
63,9,420,21
64,9,415,10
65,9,411,30
66,9,419,30
67,10,257,25
68,10,451,24
69,10,258,29
70,10,453,13
71,10,458,20
72,10,456,38
73,10,256,24
74,10,260,34
75,10,254,36
76,11,112,35
77,11,117,12
78,11,9,20
79,11,21,26
80,11,118,10
81,11,95,24
82,11,91,11
83,11,18,27
84,12,171,32
85,12,180,36
86,12,225,34
87,12,230,39
88,12,227,40
89,12,178,42
90,12,221,33
91,12,222,36
92,13,70,38
93,13,79,39
94,13,5,22
95,13,146,19
96,13,7,14
97,13,148,49
98,13,142,22
99,13,27,29
100,14,304,15
101,14,302,15
102,14,301,26
103,14,309,23
104,14,305,16
105,14,307,23
106,15,198,23
107,15,250,10
108,15,243,14
109,15,192,40
110,15,193,47
111,15,194,21
112,15,248,23
113,16,366,11
114,16,361,20
115,16,369,38
116,16,367,10
117,16,363,11
118,16,370,29
119,16,364,34
120,16,368,22
121,16,365,24
122,17,387,27
123,17,382,30
124,17,381,16
125,17,385,11
126,17,384,18
127,17,383,20
128,17,388,42
129,18,219,14
130,18,214,13
131,18,215,23
132,18,166,50
133,18,216,33
134,18,213,35
135,18,169,20
136,18,168,42
137,18,161,49
138,19,409,14
139,19,410,26
140,19,406,40
141,19,403,14
142,19,404,20
143,19,401,41
144,20,465,36
145,20,462,28
146,20,262,40
147,20,266,31
148,20,270,35
149,20,267,50
150,20,467,22
151,20,466,33
152,20,464,35
153,21,73,47
154,21,33,10
155,21,72,18
156,21,47,11
157,21,35,47
158,22,302,26
159,22,301,35
160,22,310,46
161,22,303,20
162,22,307,47
163,23,372,30
164,23,374,17
165,23,373,31
166,23,371,10
167,23,378,15
168,23,377,48
169,23,379,35
170,24,65,41
171,24,62,42
172,24,150,26
173,24,11,17
174,24,14,17
175,24,149,26
176,24,12,34
177,24,61,41
178,24,13,48
179,25,333,31
180,25,332,21
181,25,339,47
182,25,331,34
183,25,340,41
184,25,334,34
185,25,337,24
186,25,338,31
187,25,336,24
188,26,476,32
189,26,280,36
190,26,477,17
191,26,275,42
192,26,271,11
193,27,380,35
194,27,374,20
195,27,375,25
196,27,379,21
197,27,371,12
198,27,372,29
199,28,331,11
200,28,334,45
201,28,336,36
202,28,340,13
203,28,333,28
204,28,337,25
205,28,335,26
206,28,332,35
207,28,339,19
208,28,338,39
209,29,22,23
210,29,145,22
211,29,67,41
212,29,25,16
213,29,144,18
214,29,69,11
215,29,5,41
216,29,28,25
217,29,89,49
218,30,310,25
219,30,306,15
220,30,308,46
221,30,305,39
222,30,303,19
223,30,309,42
224,30,304,46
225,31,248,20
226,31,198,22
227,31,242,11
228,31,200,37
229,31,246,33
230,31,249,18
231,32,131,48
232,32,85,39
233,32,136,32
234,32,140,38
235,32,39,27
236,33,168,44
237,33,220,10
238,33,213,26
239,33,163,28
240,33,165,26
241,34,495,37
242,34,498,27
243,34,494,15
244,34,500,37
245,34,300,30
246,34,499,26
247,34,291,48
248,34,294,48
249,34,298,30
250,35,298,20
251,35,299,35
252,35,493,23
253,35,295,32
254,35,492,11
255,35,294,46
256,35,499,15
257,35,498,50
258,35,497,32
259,35,300,16
260,36,228,29
261,36,179,25
262,36,221,29
263,36,226,31
264,36,174,47
265,36,224,49
266,36,178,19
267,36,176,43
268,37,488,21
269,37,288,35
270,37,287,34
271,37,289,22
272,37,485,43
273,37,482,32
274,37,483,43
275,37,282,20
276,38,386,17
277,38,389,26
278,38,388,33
279,38,384,42
280,38,387,39
281,38,383,41
282,38,382,18
283,38,385,28
284,39,218,19
285,39,168,19
286,39,170,44
287,39,214,30
288,39,166,30
289,40,339,44
290,40,333,18
291,40,334,29
292,40,338,22
293,40,332,21
294,40,335,21
295,40,331,35
296,41,399,46
297,41,398,28
298,41,395,27
299,41,396,37
300,41,394,36
301,41,392,39
302,41,397,14
303,42,86,43
304,42,49,24
305,42,134,30
306,42,132,49
307,42,87,10
308,42,39,19
309,42,88,46
310,42,82,20
311,42,43,26
312,43,325,42
313,43,330,45
314,43,324,20
315,43,327,16
316,43,326,13
317,43,322,41
318,43,321,16
319,43,323,12
320,43,328,46
321,44,315,24
322,44,313,17
323,44,319,40
324,44,316,48
325,44,317,36
326,44,318,15
327,44,311,39
328,45,447,42
329,45,443,15
330,45,442,24
331,45,450,24
332,45,449,49
333,46,446,39
334,46,447,21
335,46,444,26
336,46,442,40
337,46,450,25
338,46,443,11
339,47,361,33
340,47,367,20
341,47,363,49
342,47,362,26
343,47,364,13
344,47,366,39
345,47,368,10
346,47,370,18
347,48,370,17
348,48,366,21
349,48,364,48
350,48,362,10
351,48,365,27
352,48,367,16
353,49,204,28
354,49,202,50
355,49,203,18
356,49,157,31
357,49,207,30
358,49,205,50
359,49,155,49
360,49,151,48
361,49,160,30
362,50,284,24
363,50,481,21
364,50,490,33
365,50,487,37
366,50,489,31
367,50,286,20
368,50,485,30
